-- Clear existing data
DELETE FROM song_adjacency;
DELETE FROM song_artists;
DELETE FROM songs;
DELETE FROM artists;

-- Insert artists (generated from JSON)
INSERT INTO artists (artist_id, name) VALUES ('artist-010-7013', 'Alesso') ON CONFLICT (artist_id) DO NOTHING;
INSERT INTO artists (artist_id, name) VALUES ('artist-010-9307', 'Swedish House Mafia') ON CONFLICT (artist_id) DO NOTHING;
INSERT INTO artists (artist_id, name) VALUES ('artist-010-4279', 'David Guetta') ON CONFLICT (artist_id) DO NOTHING;
INSERT INTO artists (artist_id, name) VALUES ('artist-010-5760', 'Tiësto') ON CONFLICT (artist_id) DO NOTHING;
INSERT INTO artists (artist_id, name) VALUES ('artist-010-8443', 'Deadmau5') ON CONFLICT (artist_id) DO NOTHING;
INSERT INTO artists (artist_id, name) VALUES ('artist-010-9211', 'Eric Prydz') ON CONFLICT (artist_id) DO NOTHING;
INSERT INTO artists (artist_id, name) VALUES ('artist-010-4192', 'Skrillex') ON CONFLICT (artist_id) DO NOTHING;
INSERT INTO artists (artist_id, name) VALUES ('artist-010-7919', 'Martin Garrix') ON CONFLICT (artist_id) DO NOTHING;
INSERT INTO artists (artist_id, name) VALUES ('artist-010-3830', 'Calvin Harris') ON CONFLICT (artist_id) DO NOTHING;
INSERT INTO artists (artist_id, name) VALUES ('artist-010-5639', 'Alesso vs OneRepublic') ON CONFLICT (artist_id) DO NOTHING;

-- Insert 45 songs from JSON data
INSERT INTO songs (song_id, title, primary_artist_id, genre) VALUES ('3025ed4f-86b9-4c85-be58-d790317dc8ab', 'Heroes', 'artist-010-7013', 'Electronic') ON CONFLICT (song_id) DO NOTHING;
INSERT INTO songs (song_id, title, primary_artist_id, genre) VALUES ('0e176408-57e0-492f-a75a-da84de023e59', 'Don''t You Worry Child', 'artist-010-9307', 'Electronic') ON CONFLICT (song_id) DO NOTHING;
INSERT INTO songs (song_id, title, primary_artist_id, genre) VALUES ('86d6ae56-7d5a-4a2d-9c26-757deb038eef', 'Titanium', 'artist-010-4279', 'Electronic') ON CONFLICT (song_id) DO NOTHING;
INSERT INTO songs (song_id, title, primary_artist_id, genre) VALUES ('d9156aee-fa28-4cf0-a15a-cea4a694e8e7', 'Without You', 'artist-010-4279', 'Electronic') ON CONFLICT (song_id) DO NOTHING;
INSERT INTO songs (song_id, title, primary_artist_id, genre) VALUES ('88b210b2-a855-4778-9dcb-c2f12f7c0118', 'One', 'artist-010-9307', 'Electronic') ON CONFLICT (song_id) DO NOTHING;
INSERT INTO songs (song_id, title, primary_artist_id, genre) VALUES ('966391a4-aa4d-4245-942d-0dc479dbbac3', 'Traffic', 'artist-010-5760', 'Electronic') ON CONFLICT (song_id) DO NOTHING;
INSERT INTO songs (song_id, title, primary_artist_id, genre) VALUES ('0f56807a-ab79-42a1-95fc-a8afb6a291a1', 'Raise Your Weapon', 'artist-010-8443', 'Electronic') ON CONFLICT (song_id) DO NOTHING;
INSERT INTO songs (song_id, title, primary_artist_id, genre) VALUES ('861f0451-35a2-473e-8014-00b13eba9090', 'Every Day', 'artist-010-9211', 'Electronic') ON CONFLICT (song_id) DO NOTHING;
INSERT INTO songs (song_id, title, primary_artist_id, genre) VALUES ('73d4f658-e0e9-4282-9981-dfeb298839f8', 'Strobe', 'artist-010-8443', 'Electronic') ON CONFLICT (song_id) DO NOTHING;
INSERT INTO songs (song_id, title, primary_artist_id, genre) VALUES ('1ef86ec5-445f-442d-88f9-d063d01d1982', 'Cinema', 'artist-010-4192', 'Electronic') ON CONFLICT (song_id) DO NOTHING;
INSERT INTO songs (song_id, title, primary_artist_id, genre) VALUES ('da91b278-e4cd-461b-9b55-49a27b85019f', 'In the Name of Love', 'artist-010-7919', 'Electronic') ON CONFLICT (song_id) DO NOTHING;
INSERT INTO songs (song_id, title, primary_artist_id, genre) VALUES ('34cd5f7e-3bca-4a4d-9065-70c27a14bf89', 'Feel So Close', 'artist-010-3830', 'Electronic') ON CONFLICT (song_id) DO NOTHING;
INSERT INTO songs (song_id, title, primary_artist_id, genre) VALUES ('6a82d943-e773-4bae-b006-e68f43450112', 'Tremor', 'artist-010-7919', 'Electronic') ON CONFLICT (song_id) DO NOTHING;
INSERT INTO songs (song_id, title, primary_artist_id, genre) VALUES ('c55d2e99-a3ad-4f91-a756-dfab45532cb8', 'Some Chords', 'artist-010-8443', 'Electronic') ON CONFLICT (song_id) DO NOTHING;
INSERT INTO songs (song_id, title, primary_artist_id, genre) VALUES ('acb3593d-4f31-43c7-b4f0-d976ba6d5bd8', 'Pjanoo', 'artist-010-9211', 'Electronic') ON CONFLICT (song_id) DO NOTHING;
INSERT INTO songs (song_id, title, primary_artist_id, genre) VALUES ('d490bc54-8a3b-41da-8700-b977181d5e1d', 'Save The World', 'artist-010-9307', 'Electronic') ON CONFLICT (song_id) DO NOTHING;
INSERT INTO songs (song_id, title, primary_artist_id, genre) VALUES ('f23f92b1-8bba-4047-a620-6d2c0501b7d0', 'Animals', 'artist-010-7919', 'Electronic') ON CONFLICT (song_id) DO NOTHING;
INSERT INTO songs (song_id, title, primary_artist_id, genre) VALUES ('d56ff3f3-d4a8-4fba-8313-66638a6857a6', 'Under Control', 'artist-010-7013', 'Electronic') ON CONFLICT (song_id) DO NOTHING;
INSERT INTO songs (song_id, title, primary_artist_id, genre) VALUES ('fd251364-4f3d-4d8c-b85e-085438405d77', 'Call on Me', 'artist-010-9211', 'Electronic') ON CONFLICT (song_id) DO NOTHING;
INSERT INTO songs (song_id, title, primary_artist_id, genre) VALUES ('55ffe74a-0ab0-49c1-860d-0ec87b03130c', 'How Deep Is Your Love', 'artist-010-3830', 'Electronic') ON CONFLICT (song_id) DO NOTHING;
INSERT INTO songs (song_id, title, primary_artist_id, genre) VALUES ('644d38ef-977e-44ba-9903-cd584a13b010', 'Bangarang', 'artist-010-4192', 'Electronic') ON CONFLICT (song_id) DO NOTHING;
INSERT INTO songs (song_id, title, primary_artist_id, genre) VALUES ('ed07e36f-72f6-47c3-9aca-5425999b3dd6', 'Ghosts ''n'' Stuff', 'artist-010-8443', 'Electronic') ON CONFLICT (song_id) DO NOTHING;
INSERT INTO songs (song_id, title, primary_artist_id, genre) VALUES ('515f28ae-1757-474a-8fb1-50af865284ae', 'Liberate', 'artist-010-9211', 'Electronic') ON CONFLICT (song_id) DO NOTHING;
INSERT INTO songs (song_id, title, primary_artist_id, genre) VALUES ('e0ea3781-e3d7-4baa-b8b3-9f589285eaff', 'When Love Takes Over', 'artist-010-4279', 'Electronic') ON CONFLICT (song_id) DO NOTHING;
INSERT INTO songs (song_id, title, primary_artist_id, genre) VALUES ('fb860820-f037-4100-9fcf-9a114d653349', 'Greyhound', 'artist-010-9307', 'Electronic') ON CONFLICT (song_id) DO NOTHING;
INSERT INTO songs (song_id, title, primary_artist_id, genre) VALUES ('53145c6d-885e-4712-81a8-879586e12086', 'Generate', 'artist-010-9211', 'Electronic') ON CONFLICT (song_id) DO NOTHING;
INSERT INTO songs (song_id, title, primary_artist_id, genre) VALUES ('be6d2a8e-6afa-43fb-9c14-8a9a499d5c32', 'The Business', 'artist-010-5760', 'Electronic') ON CONFLICT (song_id) DO NOTHING;
INSERT INTO songs (song_id, title, primary_artist_id, genre) VALUES ('24e2db04-6c63-4957-a79d-67825282c8b1', 'I Remember', 'artist-010-8443', 'Electronic') ON CONFLICT (song_id) DO NOTHING;
INSERT INTO songs (song_id, title, primary_artist_id, genre) VALUES ('46e7e00d-7e78-4341-a532-dbfad7e4204d', 'This Is What You Came For', 'artist-010-3830', 'Electronic') ON CONFLICT (song_id) DO NOTHING;
INSERT INTO songs (song_id, title, primary_artist_id, genre) VALUES ('4c897bef-8900-47ac-a83a-d44a27e00ad0', 'Summer', 'artist-010-3830', 'Electronic') ON CONFLICT (song_id) DO NOTHING;
INSERT INTO songs (song_id, title, primary_artist_id, genre) VALUES ('5e277f5c-d664-42db-a24d-8e6ad3030718', 'Wasted', 'artist-010-5760', 'Electronic') ON CONFLICT (song_id) DO NOTHING;
INSERT INTO songs (song_id, title, primary_artist_id, genre) VALUES ('5af003af-6adf-4591-ba98-2c94947ec730', 'Make It Bun Dem', 'artist-010-4192', 'Electronic') ON CONFLICT (song_id) DO NOTHING;
INSERT INTO songs (song_id, title, primary_artist_id, genre) VALUES ('42b4551f-23fc-49a0-bbcc-00c95b06cf06', 'Miami 2 Ibiza', 'artist-010-9307', 'Electronic') ON CONFLICT (song_id) DO NOTHING;
INSERT INTO songs (song_id, title, primary_artist_id, genre) VALUES ('93b38aef-299f-4bc5-8db2-2a1cf8f8fa34', 'Wizard', 'artist-010-7919', 'Electronic') ON CONFLICT (song_id) DO NOTHING;
INSERT INTO songs (song_id, title, primary_artist_id, genre) VALUES ('3f93bef4-d0bf-4baa-b9b2-823fcae45c9d', 'Calling', 'artist-010-7013', 'Electronic') ON CONFLICT (song_id) DO NOTHING;
INSERT INTO songs (song_id, title, primary_artist_id, genre) VALUES ('70a41827-fab0-4b4f-b447-b1c78551a3a7', 'Outside', 'artist-010-3830', 'Electronic') ON CONFLICT (song_id) DO NOTHING;
INSERT INTO songs (song_id, title, primary_artist_id, genre) VALUES ('d761b50b-d58c-4e3a-a4f3-2b5c7c0f3727', 'Red Lights', 'artist-010-5760', 'Electronic') ON CONFLICT (song_id) DO NOTHING;
INSERT INTO songs (song_id, title, primary_artist_id, genre) VALUES ('2a676095-ae37-49aa-89e6-8b406ad98dda', 'Scared to Be Lonely', 'artist-010-7919', 'Electronic') ON CONFLICT (song_id) DO NOTHING;
INSERT INTO songs (song_id, title, primary_artist_id, genre) VALUES ('2ca0f81c-851d-4be2-9216-7314f66dbc95', 'Years', 'artist-010-7013', 'Electronic') ON CONFLICT (song_id) DO NOTHING;
INSERT INTO songs (song_id, title, primary_artist_id, genre) VALUES ('5581eae0-d62a-4267-854b-be3af4bc2ec9', 'Scary Monsters and Nice Sprites', 'artist-010-4192', 'Electronic') ON CONFLICT (song_id) DO NOTHING;
INSERT INTO songs (song_id, title, primary_artist_id, genre) VALUES ('e5ddfab8-b56c-4b1d-9d9d-6ef2c5fbc9c0', 'Memories', 'artist-010-4279', 'Electronic') ON CONFLICT (song_id) DO NOTHING;
INSERT INTO songs (song_id, title, primary_artist_id, genre) VALUES ('795e925b-a1e9-4785-a3f1-0d333cb5abca', 'First of the Year', 'artist-010-4192', 'Electronic') ON CONFLICT (song_id) DO NOTHING;
INSERT INTO songs (song_id, title, primary_artist_id, genre) VALUES ('29016ce6-4b4b-4c5d-b8b1-57202df8bb0d', 'Turn Me On', 'artist-010-4279', 'Electronic') ON CONFLICT (song_id) DO NOTHING;
INSERT INTO songs (song_id, title, primary_artist_id, genre) VALUES ('845dc173-f9a5-4aac-924d-304a86c02e90', 'Adagio for Strings', 'artist-010-5760', 'Electronic') ON CONFLICT (song_id) DO NOTHING;
INSERT INTO songs (song_id, title, primary_artist_id, genre) VALUES ('33b470b2-85c0-433c-9378-e130f8956b20', 'If I Lose Myself', 'artist-010-5639', 'Electronic') ON CONFLICT (song_id) DO NOTHING;-- Insert song adjacencies (289 edges)
INSERT INTO song_adjacency (song_id_1, song_id_2, occurrence_count) VALUES ('0e176408-57e0-492f-a75a-da84de023e59', '3025ed4f-86b9-4c85-be58-d790317dc8ab', 7.5) ON CONFLICT (song_id_1, song_id_2) DO UPDATE SET occurrence_count = EXCLUDED.occurrence_count;
INSERT INTO song_adjacency (song_id_1, song_id_2, occurrence_count) VALUES ('34cd5f7e-3bca-4a4d-9065-70c27a14bf89', '4c897bef-8900-47ac-a83a-d44a27e00ad0', 6.5) ON CONFLICT (song_id_1, song_id_2) DO UPDATE SET occurrence_count = EXCLUDED.occurrence_count;
INSERT INTO song_adjacency (song_id_1, song_id_2, occurrence_count) VALUES ('0e176408-57e0-492f-a75a-da84de023e59', '86d6ae56-7d5a-4a2d-9c26-757deb038eef', 6.0) ON CONFLICT (song_id_1, song_id_2) DO UPDATE SET occurrence_count = EXCLUDED.occurrence_count;
INSERT INTO song_adjacency (song_id_1, song_id_2, occurrence_count) VALUES ('644d38ef-977e-44ba-9903-cd584a13b010', '86d6ae56-7d5a-4a2d-9c26-757deb038eef', 5.5) ON CONFLICT (song_id_1, song_id_2) DO UPDATE SET occurrence_count = EXCLUDED.occurrence_count;
INSERT INTO song_adjacency (song_id_1, song_id_2, occurrence_count) VALUES ('4c897bef-8900-47ac-a83a-d44a27e00ad0', '644d38ef-977e-44ba-9903-cd584a13b010', 6.0) ON CONFLICT (song_id_1, song_id_2) DO UPDATE SET occurrence_count = EXCLUDED.occurrence_count;
INSERT INTO song_adjacency (song_id_1, song_id_2, occurrence_count) VALUES ('4c897bef-8900-47ac-a83a-d44a27e00ad0', 'f23f92b1-8bba-4047-a620-6d2c0501b7d0', 4.5) ON CONFLICT (song_id_1, song_id_2) DO UPDATE SET occurrence_count = EXCLUDED.occurrence_count;
INSERT INTO song_adjacency (song_id_1, song_id_2, occurrence_count) VALUES ('0e176408-57e0-492f-a75a-da84de023e59', '34cd5f7e-3bca-4a4d-9065-70c27a14bf89', 4.5) ON CONFLICT (song_id_1, song_id_2) DO UPDATE SET occurrence_count = EXCLUDED.occurrence_count;
INSERT INTO song_adjacency (song_id_1, song_id_2, occurrence_count) VALUES ('73d4f658-e0e9-4282-9981-dfeb298839f8', '86d6ae56-7d5a-4a2d-9c26-757deb038eef', 4.5) ON CONFLICT (song_id_1, song_id_2) DO UPDATE SET occurrence_count = EXCLUDED.occurrence_count;
INSERT INTO song_adjacency (song_id_1, song_id_2, occurrence_count) VALUES ('3025ed4f-86b9-4c85-be58-d790317dc8ab', 'fd251364-4f3d-4d8c-b85e-085438405d77', 4.0) ON CONFLICT (song_id_1, song_id_2) DO UPDATE SET occurrence_count = EXCLUDED.occurrence_count;
INSERT INTO song_adjacency (song_id_1, song_id_2, occurrence_count) VALUES ('0e176408-57e0-492f-a75a-da84de023e59', '644d38ef-977e-44ba-9903-cd584a13b010', 4.5) ON CONFLICT (song_id_1, song_id_2) DO UPDATE SET occurrence_count = EXCLUDED.occurrence_count;
INSERT INTO song_adjacency (song_id_1, song_id_2, occurrence_count) VALUES ('86d6ae56-7d5a-4a2d-9c26-757deb038eef', 'd9156aee-fa28-4cf0-a15a-cea4a694e8e7', 3.0) ON CONFLICT (song_id_1, song_id_2) DO UPDATE SET occurrence_count = EXCLUDED.occurrence_count;
INSERT INTO song_adjacency (song_id_1, song_id_2, occurrence_count) VALUES ('88b210b2-a855-4778-9dcb-c2f12f7c0118', 'd9156aee-fa28-4cf0-a15a-cea4a694e8e7', 3.0) ON CONFLICT (song_id_1, song_id_2) DO UPDATE SET occurrence_count = EXCLUDED.occurrence_count;
INSERT INTO song_adjacency (song_id_1, song_id_2, occurrence_count) VALUES ('73d4f658-e0e9-4282-9981-dfeb298839f8', '861f0451-35a2-473e-8014-00b13eba9090', 2.5) ON CONFLICT (song_id_1, song_id_2) DO UPDATE SET occurrence_count = EXCLUDED.occurrence_count;
INSERT INTO song_adjacency (song_id_1, song_id_2, occurrence_count) VALUES ('1ef86ec5-445f-442d-88f9-d063d01d1982', 'da91b278-e4cd-461b-9b55-49a27b85019f', 3.0) ON CONFLICT (song_id_1, song_id_2) DO UPDATE SET occurrence_count = EXCLUDED.occurrence_count;
INSERT INTO song_adjacency (song_id_1, song_id_2, occurrence_count) VALUES ('0e176408-57e0-492f-a75a-da84de023e59', '73d4f658-e0e9-4282-9981-dfeb298839f8', 3.0) ON CONFLICT (song_id_1, song_id_2) DO UPDATE SET occurrence_count = EXCLUDED.occurrence_count;
INSERT INTO song_adjacency (song_id_1, song_id_2, occurrence_count) VALUES ('3025ed4f-86b9-4c85-be58-d790317dc8ab', 'da91b278-e4cd-461b-9b55-49a27b85019f', 3.0) ON CONFLICT (song_id_1, song_id_2) DO UPDATE SET occurrence_count = EXCLUDED.occurrence_count;
INSERT INTO song_adjacency (song_id_1, song_id_2, occurrence_count) VALUES ('6a82d943-e773-4bae-b006-e68f43450112', 'c55d2e99-a3ad-4f91-a756-dfab45532cb8', 3.0) ON CONFLICT (song_id_1, song_id_2) DO UPDATE SET occurrence_count = EXCLUDED.occurrence_count;
INSERT INTO song_adjacency (song_id_1, song_id_2, occurrence_count) VALUES ('acb3593d-4f31-43c7-b4f0-d976ba6d5bd8', 'd490bc54-8a3b-41da-8700-b977181d5e1d', 3.0) ON CONFLICT (song_id_1, song_id_2) DO UPDATE SET occurrence_count = EXCLUDED.occurrence_count;
INSERT INTO song_adjacency (song_id_1, song_id_2, occurrence_count) VALUES ('644d38ef-977e-44ba-9903-cd584a13b010', '73d4f658-e0e9-4282-9981-dfeb298839f8', 3.0) ON CONFLICT (song_id_1, song_id_2) DO UPDATE SET occurrence_count = EXCLUDED.occurrence_count;
INSERT INTO song_adjacency (song_id_1, song_id_2, occurrence_count) VALUES ('d9156aee-fa28-4cf0-a15a-cea4a694e8e7', 'ed07e36f-72f6-47c3-9aca-5425999b3dd6', 3.0) ON CONFLICT (song_id_1, song_id_2) DO UPDATE SET occurrence_count = EXCLUDED.occurrence_count;
INSERT INTO song_adjacency (song_id_1, song_id_2, occurrence_count) VALUES ('d56ff3f3-d4a8-4fba-8313-66638a6857a6', 'ed07e36f-72f6-47c3-9aca-5425999b3dd6', 3.0) ON CONFLICT (song_id_1, song_id_2) DO UPDATE SET occurrence_count = EXCLUDED.occurrence_count;
INSERT INTO song_adjacency (song_id_1, song_id_2, occurrence_count) VALUES ('3025ed4f-86b9-4c85-be58-d790317dc8ab', '88b210b2-a855-4778-9dcb-c2f12f7c0118', 3.0) ON CONFLICT (song_id_1, song_id_2) DO UPDATE SET occurrence_count = EXCLUDED.occurrence_count;
INSERT INTO song_adjacency (song_id_1, song_id_2, occurrence_count) VALUES ('3025ed4f-86b9-4c85-be58-d790317dc8ab', '34cd5f7e-3bca-4a4d-9065-70c27a14bf89', 3.0) ON CONFLICT (song_id_1, song_id_2) DO UPDATE SET occurrence_count = EXCLUDED.occurrence_count;
INSERT INTO song_adjacency (song_id_1, song_id_2, occurrence_count) VALUES ('53145c6d-885e-4712-81a8-879586e12086', 'fb860820-f037-4100-9fcf-9a114d653349', 3.0) ON CONFLICT (song_id_1, song_id_2) DO UPDATE SET occurrence_count = EXCLUDED.occurrence_count;
INSERT INTO song_adjacency (song_id_1, song_id_2, occurrence_count) VALUES ('4c897bef-8900-47ac-a83a-d44a27e00ad0', '73d4f658-e0e9-4282-9981-dfeb298839f8', 2.5) ON CONFLICT (song_id_1, song_id_2) DO UPDATE SET occurrence_count = EXCLUDED.occurrence_count;
INSERT INTO song_adjacency (song_id_1, song_id_2, occurrence_count) VALUES ('4c897bef-8900-47ac-a83a-d44a27e00ad0', 'd9156aee-fa28-4cf0-a15a-cea4a694e8e7', 3.0) ON CONFLICT (song_id_1, song_id_2) DO UPDATE SET occurrence_count = EXCLUDED.occurrence_count;
INSERT INTO song_adjacency (song_id_1, song_id_2, occurrence_count) VALUES ('966391a4-aa4d-4245-942d-0dc479dbbac3', 'd9156aee-fa28-4cf0-a15a-cea4a694e8e7', 3.0) ON CONFLICT (song_id_1, song_id_2) DO UPDATE SET occurrence_count = EXCLUDED.occurrence_count;
INSERT INTO song_adjacency (song_id_1, song_id_2, occurrence_count) VALUES ('42b4551f-23fc-49a0-bbcc-00c95b06cf06', 'fb860820-f037-4100-9fcf-9a114d653349', 2.5) ON CONFLICT (song_id_1, song_id_2) DO UPDATE SET occurrence_count = EXCLUDED.occurrence_count;
INSERT INTO song_adjacency (song_id_1, song_id_2, occurrence_count) VALUES ('34cd5f7e-3bca-4a4d-9065-70c27a14bf89', 'fd251364-4f3d-4d8c-b85e-085438405d77', 2.5) ON CONFLICT (song_id_1, song_id_2) DO UPDATE SET occurrence_count = EXCLUDED.occurrence_count;
INSERT INTO song_adjacency (song_id_1, song_id_2, occurrence_count) VALUES ('3f93bef4-d0bf-4baa-b9b2-823fcae45c9d', '644d38ef-977e-44ba-9903-cd584a13b010', 3.0) ON CONFLICT (song_id_1, song_id_2) DO UPDATE SET occurrence_count = EXCLUDED.occurrence_count;
INSERT INTO song_adjacency (song_id_1, song_id_2, occurrence_count) VALUES ('3025ed4f-86b9-4c85-be58-d790317dc8ab', '644d38ef-977e-44ba-9903-cd584a13b010', 3.0) ON CONFLICT (song_id_1, song_id_2) DO UPDATE SET occurrence_count = EXCLUDED.occurrence_count;
INSERT INTO song_adjacency (song_id_1, song_id_2, occurrence_count) VALUES ('42b4551f-23fc-49a0-bbcc-00c95b06cf06', 'd9156aee-fa28-4cf0-a15a-cea4a694e8e7', 2.5) ON CONFLICT (song_id_1, song_id_2) DO UPDATE SET occurrence_count = EXCLUDED.occurrence_count;
INSERT INTO song_adjacency (song_id_1, song_id_2, occurrence_count) VALUES ('24e2db04-6c63-4957-a79d-67825282c8b1', '86d6ae56-7d5a-4a2d-9c26-757deb038eef', 3.0) ON CONFLICT (song_id_1, song_id_2) DO UPDATE SET occurrence_count = EXCLUDED.occurrence_count;
INSERT INTO song_adjacency (song_id_1, song_id_2, occurrence_count) VALUES ('5e277f5c-d664-42db-a24d-8e6ad3030718', '70a41827-fab0-4b4f-b447-b1c78551a3a7', 3.0) ON CONFLICT (song_id_1, song_id_2) DO UPDATE SET occurrence_count = EXCLUDED.occurrence_count;
INSERT INTO song_adjacency (song_id_1, song_id_2, occurrence_count) VALUES ('644d38ef-977e-44ba-9903-cd584a13b010', 'd761b50b-d58c-4e3a-a4f3-2b5c7c0f3727', 3.0) ON CONFLICT (song_id_1, song_id_2) DO UPDATE SET occurrence_count = EXCLUDED.occurrence_count;
INSERT INTO song_adjacency (song_id_1, song_id_2, occurrence_count) VALUES ('53145c6d-885e-4712-81a8-879586e12086', '93b38aef-299f-4bc5-8db2-2a1cf8f8fa34', 3.0) ON CONFLICT (song_id_1, song_id_2) DO UPDATE SET occurrence_count = EXCLUDED.occurrence_count;
INSERT INTO song_adjacency (song_id_1, song_id_2, occurrence_count) VALUES ('5581eae0-d62a-4267-854b-be3af4bc2ec9', 'd761b50b-d58c-4e3a-a4f3-2b5c7c0f3727', 3.0) ON CONFLICT (song_id_1, song_id_2) DO UPDATE SET occurrence_count = EXCLUDED.occurrence_count;
INSERT INTO song_adjacency (song_id_1, song_id_2, occurrence_count) VALUES ('515f28ae-1757-474a-8fb1-50af865284ae', 'ed07e36f-72f6-47c3-9aca-5425999b3dd6', 3.0) ON CONFLICT (song_id_1, song_id_2) DO UPDATE SET occurrence_count = EXCLUDED.occurrence_count;
INSERT INTO song_adjacency (song_id_1, song_id_2, occurrence_count) VALUES ('644d38ef-977e-44ba-9903-cd584a13b010', 'e5ddfab8-b56c-4b1d-9d9d-6ef2c5fbc9c0', 3.0) ON CONFLICT (song_id_1, song_id_2) DO UPDATE SET occurrence_count = EXCLUDED.occurrence_count;
INSERT INTO song_adjacency (song_id_1, song_id_2, occurrence_count) VALUES ('e5ddfab8-b56c-4b1d-9d9d-6ef2c5fbc9c0', 'fb860820-f037-4100-9fcf-9a114d653349', 3.0) ON CONFLICT (song_id_1, song_id_2) DO UPDATE SET occurrence_count = EXCLUDED.occurrence_count;
INSERT INTO song_adjacency (song_id_1, song_id_2, occurrence_count) VALUES ('34cd5f7e-3bca-4a4d-9065-70c27a14bf89', '644d38ef-977e-44ba-9903-cd584a13b010', 3.0) ON CONFLICT (song_id_1, song_id_2) DO UPDATE SET occurrence_count = EXCLUDED.occurrence_count;
INSERT INTO song_adjacency (song_id_1, song_id_2, occurrence_count) VALUES ('644d38ef-977e-44ba-9903-cd584a13b010', '88b210b2-a855-4778-9dcb-c2f12f7c0118', 3.0) ON CONFLICT (song_id_1, song_id_2) DO UPDATE SET occurrence_count = EXCLUDED.occurrence_count;
INSERT INTO song_adjacency (song_id_1, song_id_2, occurrence_count) VALUES ('2a676095-ae37-49aa-89e6-8b406ad98dda', '6a82d943-e773-4bae-b006-e68f43450112', 3.0) ON CONFLICT (song_id_1, song_id_2) DO UPDATE SET occurrence_count = EXCLUDED.occurrence_count;
INSERT INTO song_adjacency (song_id_1, song_id_2, occurrence_count) VALUES ('93b38aef-299f-4bc5-8db2-2a1cf8f8fa34', 'e5ddfab8-b56c-4b1d-9d9d-6ef2c5fbc9c0', 3.0) ON CONFLICT (song_id_1, song_id_2) DO UPDATE SET occurrence_count = EXCLUDED.occurrence_count;
INSERT INTO song_adjacency (song_id_1, song_id_2, occurrence_count) VALUES ('3025ed4f-86b9-4c85-be58-d790317dc8ab', '795e925b-a1e9-4785-a3f1-0d333cb5abca', 3.0) ON CONFLICT (song_id_1, song_id_2) DO UPDATE SET occurrence_count = EXCLUDED.occurrence_count;
INSERT INTO song_adjacency (song_id_1, song_id_2, occurrence_count) VALUES ('3025ed4f-86b9-4c85-be58-d790317dc8ab', 'f23f92b1-8bba-4047-a620-6d2c0501b7d0', 3.0) ON CONFLICT (song_id_1, song_id_2) DO UPDATE SET occurrence_count = EXCLUDED.occurrence_count;
INSERT INTO song_adjacency (song_id_1, song_id_2, occurrence_count) VALUES ('0e176408-57e0-492f-a75a-da84de023e59', 'd761b50b-d58c-4e3a-a4f3-2b5c7c0f3727', 3.0) ON CONFLICT (song_id_1, song_id_2) DO UPDATE SET occurrence_count = EXCLUDED.occurrence_count;
INSERT INTO song_adjacency (song_id_1, song_id_2, occurrence_count) VALUES ('5e277f5c-d664-42db-a24d-8e6ad3030718', 'ed07e36f-72f6-47c3-9aca-5425999b3dd6', 3.0) ON CONFLICT (song_id_1, song_id_2) DO UPDATE SET occurrence_count = EXCLUDED.occurrence_count;
INSERT INTO song_adjacency (song_id_1, song_id_2, occurrence_count) VALUES ('33b470b2-85c0-433c-9378-e130f8956b20', 'fd251364-4f3d-4d8c-b85e-085438405d77', 3.0) ON CONFLICT (song_id_1, song_id_2) DO UPDATE SET occurrence_count = EXCLUDED.occurrence_count;
INSERT INTO song_adjacency (song_id_1, song_id_2, occurrence_count) VALUES ('1ef86ec5-445f-442d-88f9-d063d01d1982', '88b210b2-a855-4778-9dcb-c2f12f7c0118', 3.0) ON CONFLICT (song_id_1, song_id_2) DO UPDATE SET occurrence_count = EXCLUDED.occurrence_count;
INSERT INTO song_adjacency (song_id_1, song_id_2, occurrence_count) VALUES ('29016ce6-4b4b-4c5d-b8b1-57202df8bb0d', '88b210b2-a855-4778-9dcb-c2f12f7c0118', 3.0) ON CONFLICT (song_id_1, song_id_2) DO UPDATE SET occurrence_count = EXCLUDED.occurrence_count;
INSERT INTO song_adjacency (song_id_1, song_id_2, occurrence_count) VALUES ('86d6ae56-7d5a-4a2d-9c26-757deb038eef', 'f23f92b1-8bba-4047-a620-6d2c0501b7d0', 3.0) ON CONFLICT (song_id_1, song_id_2) DO UPDATE SET occurrence_count = EXCLUDED.occurrence_count;
INSERT INTO song_adjacency (song_id_1, song_id_2, occurrence_count) VALUES ('5af003af-6adf-4591-ba98-2c94947ec730', 'e5ddfab8-b56c-4b1d-9d9d-6ef2c5fbc9c0', 3.0) ON CONFLICT (song_id_1, song_id_2) DO UPDATE SET occurrence_count = EXCLUDED.occurrence_count;
INSERT INTO song_adjacency (song_id_1, song_id_2, occurrence_count) VALUES ('1ef86ec5-445f-442d-88f9-d063d01d1982', 'd490bc54-8a3b-41da-8700-b977181d5e1d', 3.0) ON CONFLICT (song_id_1, song_id_2) DO UPDATE SET occurrence_count = EXCLUDED.occurrence_count;
INSERT INTO song_adjacency (song_id_1, song_id_2, occurrence_count) VALUES ('5af003af-6adf-4591-ba98-2c94947ec730', 'd56ff3f3-d4a8-4fba-8313-66638a6857a6', 3.0) ON CONFLICT (song_id_1, song_id_2) DO UPDATE SET occurrence_count = EXCLUDED.occurrence_count;
INSERT INTO song_adjacency (song_id_1, song_id_2, occurrence_count) VALUES ('d9156aee-fa28-4cf0-a15a-cea4a694e8e7', 'f23f92b1-8bba-4047-a620-6d2c0501b7d0', 3.0) ON CONFLICT (song_id_1, song_id_2) DO UPDATE SET occurrence_count = EXCLUDED.occurrence_count;
INSERT INTO song_adjacency (song_id_1, song_id_2, occurrence_count) VALUES ('42b4551f-23fc-49a0-bbcc-00c95b06cf06', 'c55d2e99-a3ad-4f91-a756-dfab45532cb8', 3.0) ON CONFLICT (song_id_1, song_id_2) DO UPDATE SET occurrence_count = EXCLUDED.occurrence_count;
INSERT INTO song_adjacency (song_id_1, song_id_2, occurrence_count) VALUES ('42b4551f-23fc-49a0-bbcc-00c95b06cf06', '795e925b-a1e9-4785-a3f1-0d333cb5abca', 3.0) ON CONFLICT (song_id_1, song_id_2) DO UPDATE SET occurrence_count = EXCLUDED.occurrence_count;
INSERT INTO song_adjacency (song_id_1, song_id_2, occurrence_count) VALUES ('46e7e00d-7e78-4341-a532-dbfad7e4204d', 'd761b50b-d58c-4e3a-a4f3-2b5c7c0f3727', 3.0) ON CONFLICT (song_id_1, song_id_2) DO UPDATE SET occurrence_count = EXCLUDED.occurrence_count;
INSERT INTO song_adjacency (song_id_1, song_id_2, occurrence_count) VALUES ('88b210b2-a855-4778-9dcb-c2f12f7c0118', '966391a4-aa4d-4245-942d-0dc479dbbac3', 1.5) ON CONFLICT (song_id_1, song_id_2) DO UPDATE SET occurrence_count = EXCLUDED.occurrence_count;
INSERT INTO song_adjacency (song_id_1, song_id_2, occurrence_count) VALUES ('0f56807a-ab79-42a1-95fc-a8afb6a291a1', '966391a4-aa4d-4245-942d-0dc479dbbac3', 1.5) ON CONFLICT (song_id_1, song_id_2) DO UPDATE SET occurrence_count = EXCLUDED.occurrence_count;
INSERT INTO song_adjacency (song_id_1, song_id_2, occurrence_count) VALUES ('0f56807a-ab79-42a1-95fc-a8afb6a291a1', '861f0451-35a2-473e-8014-00b13eba9090', 1.5) ON CONFLICT (song_id_1, song_id_2) DO UPDATE SET occurrence_count = EXCLUDED.occurrence_count;
INSERT INTO song_adjacency (song_id_1, song_id_2, occurrence_count) VALUES ('1ef86ec5-445f-442d-88f9-d063d01d1982', '73d4f658-e0e9-4282-9981-dfeb298839f8', 1.5) ON CONFLICT (song_id_1, song_id_2) DO UPDATE SET occurrence_count = EXCLUDED.occurrence_count;
INSERT INTO song_adjacency (song_id_1, song_id_2, occurrence_count) VALUES ('34cd5f7e-3bca-4a4d-9065-70c27a14bf89', '73d4f658-e0e9-4282-9981-dfeb298839f8', 1.5) ON CONFLICT (song_id_1, song_id_2) DO UPDATE SET occurrence_count = EXCLUDED.occurrence_count;
INSERT INTO song_adjacency (song_id_1, song_id_2, occurrence_count) VALUES ('34cd5f7e-3bca-4a4d-9065-70c27a14bf89', 'da91b278-e4cd-461b-9b55-49a27b85019f', 1.5) ON CONFLICT (song_id_1, song_id_2) DO UPDATE SET occurrence_count = EXCLUDED.occurrence_count;
INSERT INTO song_adjacency (song_id_1, song_id_2, occurrence_count) VALUES ('3025ed4f-86b9-4c85-be58-d790317dc8ab', '6a82d943-e773-4bae-b006-e68f43450112', 1.5) ON CONFLICT (song_id_1, song_id_2) DO UPDATE SET occurrence_count = EXCLUDED.occurrence_count;
INSERT INTO song_adjacency (song_id_1, song_id_2, occurrence_count) VALUES ('acb3593d-4f31-43c7-b4f0-d976ba6d5bd8', 'c55d2e99-a3ad-4f91-a756-dfab45532cb8', 1.5) ON CONFLICT (song_id_1, song_id_2) DO UPDATE SET occurrence_count = EXCLUDED.occurrence_count;
INSERT INTO song_adjacency (song_id_1, song_id_2, occurrence_count) VALUES ('d490bc54-8a3b-41da-8700-b977181d5e1d', 'f23f92b1-8bba-4047-a620-6d2c0501b7d0', 1.5) ON CONFLICT (song_id_1, song_id_2) DO UPDATE SET occurrence_count = EXCLUDED.occurrence_count;
INSERT INTO song_adjacency (song_id_1, song_id_2, occurrence_count) VALUES ('966391a4-aa4d-4245-942d-0dc479dbbac3', 'f23f92b1-8bba-4047-a620-6d2c0501b7d0', 1.5) ON CONFLICT (song_id_1, song_id_2) DO UPDATE SET occurrence_count = EXCLUDED.occurrence_count;
INSERT INTO song_adjacency (song_id_1, song_id_2, occurrence_count) VALUES ('966391a4-aa4d-4245-942d-0dc479dbbac3', 'd56ff3f3-d4a8-4fba-8313-66638a6857a6', 1.5) ON CONFLICT (song_id_1, song_id_2) DO UPDATE SET occurrence_count = EXCLUDED.occurrence_count;
INSERT INTO song_adjacency (song_id_1, song_id_2, occurrence_count) VALUES ('d56ff3f3-d4a8-4fba-8313-66638a6857a6', 'fd251364-4f3d-4d8c-b85e-085438405d77', 1.5) ON CONFLICT (song_id_1, song_id_2) DO UPDATE SET occurrence_count = EXCLUDED.occurrence_count;
INSERT INTO song_adjacency (song_id_1, song_id_2, occurrence_count) VALUES ('55ffe74a-0ab0-49c1-860d-0ec87b03130c', 'fd251364-4f3d-4d8c-b85e-085438405d77', 1.5) ON CONFLICT (song_id_1, song_id_2) DO UPDATE SET occurrence_count = EXCLUDED.occurrence_count;
INSERT INTO song_adjacency (song_id_1, song_id_2, occurrence_count) VALUES ('73d4f658-e0e9-4282-9981-dfeb298839f8', 'd9156aee-fa28-4cf0-a15a-cea4a694e8e7', 1.5) ON CONFLICT (song_id_1, song_id_2) DO UPDATE SET occurrence_count = EXCLUDED.occurrence_count;
INSERT INTO song_adjacency (song_id_1, song_id_2, occurrence_count) VALUES ('515f28ae-1757-474a-8fb1-50af865284ae', 'd56ff3f3-d4a8-4fba-8313-66638a6857a6', 1.5) ON CONFLICT (song_id_1, song_id_2) DO UPDATE SET occurrence_count = EXCLUDED.occurrence_count;
INSERT INTO song_adjacency (song_id_1, song_id_2, occurrence_count) VALUES ('515f28ae-1757-474a-8fb1-50af865284ae', 'e0ea3781-e3d7-4baa-b8b3-9f589285eaff', 1.5) ON CONFLICT (song_id_1, song_id_2) DO UPDATE SET occurrence_count = EXCLUDED.occurrence_count;
INSERT INTO song_adjacency (song_id_1, song_id_2, occurrence_count) VALUES ('34cd5f7e-3bca-4a4d-9065-70c27a14bf89', '861f0451-35a2-473e-8014-00b13eba9090', 1.5) ON CONFLICT (song_id_1, song_id_2) DO UPDATE SET occurrence_count = EXCLUDED.occurrence_count;
INSERT INTO song_adjacency (song_id_1, song_id_2, occurrence_count) VALUES ('73d4f658-e0e9-4282-9981-dfeb298839f8', 'fb860820-f037-4100-9fcf-9a114d653349', 1.5) ON CONFLICT (song_id_1, song_id_2) DO UPDATE SET occurrence_count = EXCLUDED.occurrence_count;
INSERT INTO song_adjacency (song_id_1, song_id_2, occurrence_count) VALUES ('515f28ae-1757-474a-8fb1-50af865284ae', '53145c6d-885e-4712-81a8-879586e12086', 1.5) ON CONFLICT (song_id_1, song_id_2) DO UPDATE SET occurrence_count = EXCLUDED.occurrence_count;
INSERT INTO song_adjacency (song_id_1, song_id_2, occurrence_count) VALUES ('515f28ae-1757-474a-8fb1-50af865284ae', 'acb3593d-4f31-43c7-b4f0-d976ba6d5bd8', 1.5) ON CONFLICT (song_id_1, song_id_2) DO UPDATE SET occurrence_count = EXCLUDED.occurrence_count;
INSERT INTO song_adjacency (song_id_1, song_id_2, occurrence_count) VALUES ('acb3593d-4f31-43c7-b4f0-d976ba6d5bd8', 'be6d2a8e-6afa-43fb-9c14-8a9a499d5c32', 1.5) ON CONFLICT (song_id_1, song_id_2) DO UPDATE SET occurrence_count = EXCLUDED.occurrence_count;
INSERT INTO song_adjacency (song_id_1, song_id_2, occurrence_count) VALUES ('24e2db04-6c63-4957-a79d-67825282c8b1', 'be6d2a8e-6afa-43fb-9c14-8a9a499d5c32', 1.5) ON CONFLICT (song_id_1, song_id_2) DO UPDATE SET occurrence_count = EXCLUDED.occurrence_count;
INSERT INTO song_adjacency (song_id_1, song_id_2, occurrence_count) VALUES ('24e2db04-6c63-4957-a79d-67825282c8b1', '46e7e00d-7e78-4341-a532-dbfad7e4204d', 1.5) ON CONFLICT (song_id_1, song_id_2) DO UPDATE SET occurrence_count = EXCLUDED.occurrence_count;
INSERT INTO song_adjacency (song_id_1, song_id_2, occurrence_count) VALUES ('73d4f658-e0e9-4282-9981-dfeb298839f8', '88b210b2-a855-4778-9dcb-c2f12f7c0118', 1.5) ON CONFLICT (song_id_1, song_id_2) DO UPDATE SET occurrence_count = EXCLUDED.occurrence_count;
INSERT INTO song_adjacency (song_id_1, song_id_2, occurrence_count) VALUES ('5e277f5c-d664-42db-a24d-8e6ad3030718', '966391a4-aa4d-4245-942d-0dc479dbbac3', 1.5) ON CONFLICT (song_id_1, song_id_2) DO UPDATE SET occurrence_count = EXCLUDED.occurrence_count;
INSERT INTO song_adjacency (song_id_1, song_id_2, occurrence_count) VALUES ('0e176408-57e0-492f-a75a-da84de023e59', '5e277f5c-d664-42db-a24d-8e6ad3030718', 1.5) ON CONFLICT (song_id_1, song_id_2) DO UPDATE SET occurrence_count = EXCLUDED.occurrence_count;
INSERT INTO song_adjacency (song_id_1, song_id_2, occurrence_count) VALUES ('0e176408-57e0-492f-a75a-da84de023e59', '6a82d943-e773-4bae-b006-e68f43450112', 1.5) ON CONFLICT (song_id_1, song_id_2) DO UPDATE SET occurrence_count = EXCLUDED.occurrence_count;
INSERT INTO song_adjacency (song_id_1, song_id_2, occurrence_count) VALUES ('644d38ef-977e-44ba-9903-cd584a13b010', '6a82d943-e773-4bae-b006-e68f43450112', 1.5) ON CONFLICT (song_id_1, song_id_2) DO UPDATE SET occurrence_count = EXCLUDED.occurrence_count;
INSERT INTO song_adjacency (song_id_1, song_id_2, occurrence_count) VALUES ('515f28ae-1757-474a-8fb1-50af865284ae', '644d38ef-977e-44ba-9903-cd584a13b010', 1.5) ON CONFLICT (song_id_1, song_id_2) DO UPDATE SET occurrence_count = EXCLUDED.occurrence_count;
INSERT INTO song_adjacency (song_id_1, song_id_2, occurrence_count) VALUES ('515f28ae-1757-474a-8fb1-50af865284ae', '5af003af-6adf-4591-ba98-2c94947ec730', 1.5) ON CONFLICT (song_id_1, song_id_2) DO UPDATE SET occurrence_count = EXCLUDED.occurrence_count;
INSERT INTO song_adjacency (song_id_1, song_id_2, occurrence_count) VALUES ('5af003af-6adf-4591-ba98-2c94947ec730', 'fb860820-f037-4100-9fcf-9a114d653349', 1.5) ON CONFLICT (song_id_1, song_id_2) DO UPDATE SET occurrence_count = EXCLUDED.occurrence_count;
INSERT INTO song_adjacency (song_id_1, song_id_2, occurrence_count) VALUES ('42b4551f-23fc-49a0-bbcc-00c95b06cf06', '46e7e00d-7e78-4341-a532-dbfad7e4204d', 1.5) ON CONFLICT (song_id_1, song_id_2) DO UPDATE SET occurrence_count = EXCLUDED.occurrence_count;
INSERT INTO song_adjacency (song_id_1, song_id_2, occurrence_count) VALUES ('46e7e00d-7e78-4341-a532-dbfad7e4204d', 'fd251364-4f3d-4d8c-b85e-085438405d77', 1.5) ON CONFLICT (song_id_1, song_id_2) DO UPDATE SET occurrence_count = EXCLUDED.occurrence_count;
INSERT INTO song_adjacency (song_id_1, song_id_2, occurrence_count) VALUES ('4c897bef-8900-47ac-a83a-d44a27e00ad0', '93b38aef-299f-4bc5-8db2-2a1cf8f8fa34', 1.5) ON CONFLICT (song_id_1, song_id_2) DO UPDATE SET occurrence_count = EXCLUDED.occurrence_count;
INSERT INTO song_adjacency (song_id_1, song_id_2, occurrence_count) VALUES ('93b38aef-299f-4bc5-8db2-2a1cf8f8fa34', 'd56ff3f3-d4a8-4fba-8313-66638a6857a6', 1.5) ON CONFLICT (song_id_1, song_id_2) DO UPDATE SET occurrence_count = EXCLUDED.occurrence_count;
INSERT INTO song_adjacency (song_id_1, song_id_2, occurrence_count) VALUES ('3f93bef4-d0bf-4baa-b9b2-823fcae45c9d', 'd56ff3f3-d4a8-4fba-8313-66638a6857a6', 1.5) ON CONFLICT (song_id_1, song_id_2) DO UPDATE SET occurrence_count = EXCLUDED.occurrence_count;
INSERT INTO song_adjacency (song_id_1, song_id_2, occurrence_count) VALUES ('3025ed4f-86b9-4c85-be58-d790317dc8ab', '70a41827-fab0-4b4f-b447-b1c78551a3a7', 1.5) ON CONFLICT (song_id_1, song_id_2) DO UPDATE SET occurrence_count = EXCLUDED.occurrence_count;
INSERT INTO song_adjacency (song_id_1, song_id_2, occurrence_count) VALUES ('34cd5f7e-3bca-4a4d-9065-70c27a14bf89', 'f23f92b1-8bba-4047-a620-6d2c0501b7d0', 1.5) ON CONFLICT (song_id_1, song_id_2) DO UPDATE SET occurrence_count = EXCLUDED.occurrence_count;
INSERT INTO song_adjacency (song_id_1, song_id_2, occurrence_count) VALUES ('3f93bef4-d0bf-4baa-b9b2-823fcae45c9d', 'fd251364-4f3d-4d8c-b85e-085438405d77', 1.5) ON CONFLICT (song_id_1, song_id_2) DO UPDATE SET occurrence_count = EXCLUDED.occurrence_count;
INSERT INTO song_adjacency (song_id_1, song_id_2, occurrence_count) VALUES ('3f93bef4-d0bf-4baa-b9b2-823fcae45c9d', 'd761b50b-d58c-4e3a-a4f3-2b5c7c0f3727', 1.5) ON CONFLICT (song_id_1, song_id_2) DO UPDATE SET occurrence_count = EXCLUDED.occurrence_count;
INSERT INTO song_adjacency (song_id_1, song_id_2, occurrence_count) VALUES ('515f28ae-1757-474a-8fb1-50af865284ae', 'd761b50b-d58c-4e3a-a4f3-2b5c7c0f3727', 1.5) ON CONFLICT (song_id_1, song_id_2) DO UPDATE SET occurrence_count = EXCLUDED.occurrence_count;
INSERT INTO song_adjacency (song_id_1, song_id_2, occurrence_count) VALUES ('515f28ae-1757-474a-8fb1-50af865284ae', 'd9156aee-fa28-4cf0-a15a-cea4a694e8e7', 1.5) ON CONFLICT (song_id_1, song_id_2) DO UPDATE SET occurrence_count = EXCLUDED.occurrence_count;
INSERT INTO song_adjacency (song_id_1, song_id_2, occurrence_count) VALUES ('2a676095-ae37-49aa-89e6-8b406ad98dda', 'fb860820-f037-4100-9fcf-9a114d653349', 1.5) ON CONFLICT (song_id_1, song_id_2) DO UPDATE SET occurrence_count = EXCLUDED.occurrence_count;
INSERT INTO song_adjacency (song_id_1, song_id_2, occurrence_count) VALUES ('2a676095-ae37-49aa-89e6-8b406ad98dda', '73d4f658-e0e9-4282-9981-dfeb298839f8', 1.5) ON CONFLICT (song_id_1, song_id_2) DO UPDATE SET occurrence_count = EXCLUDED.occurrence_count;
INSERT INTO song_adjacency (song_id_1, song_id_2, occurrence_count) VALUES ('2ca0f81c-851d-4be2-9216-7314f66dbc95', '73d4f658-e0e9-4282-9981-dfeb298839f8', 1.5) ON CONFLICT (song_id_1, song_id_2) DO UPDATE SET occurrence_count = EXCLUDED.occurrence_count;
INSERT INTO song_adjacency (song_id_1, song_id_2, occurrence_count) VALUES ('2ca0f81c-851d-4be2-9216-7314f66dbc95', '5af003af-6adf-4591-ba98-2c94947ec730', 1.5) ON CONFLICT (song_id_1, song_id_2) DO UPDATE SET occurrence_count = EXCLUDED.occurrence_count;
INSERT INTO song_adjacency (song_id_1, song_id_2, occurrence_count) VALUES ('5af003af-6adf-4591-ba98-2c94947ec730', '966391a4-aa4d-4245-942d-0dc479dbbac3', 1.5) ON CONFLICT (song_id_1, song_id_2) DO UPDATE SET occurrence_count = EXCLUDED.occurrence_count;
INSERT INTO song_adjacency (song_id_1, song_id_2, occurrence_count) VALUES ('70a41827-fab0-4b4f-b447-b1c78551a3a7', '966391a4-aa4d-4245-942d-0dc479dbbac3', 1.5) ON CONFLICT (song_id_1, song_id_2) DO UPDATE SET occurrence_count = EXCLUDED.occurrence_count;
INSERT INTO song_adjacency (song_id_1, song_id_2, occurrence_count) VALUES ('24e2db04-6c63-4957-a79d-67825282c8b1', 'f23f92b1-8bba-4047-a620-6d2c0501b7d0', 1.5) ON CONFLICT (song_id_1, song_id_2) DO UPDATE SET occurrence_count = EXCLUDED.occurrence_count;
INSERT INTO song_adjacency (song_id_1, song_id_2, occurrence_count) VALUES ('42b4551f-23fc-49a0-bbcc-00c95b06cf06', '70a41827-fab0-4b4f-b447-b1c78551a3a7', 1.5) ON CONFLICT (song_id_1, song_id_2) DO UPDATE SET occurrence_count = EXCLUDED.occurrence_count;
INSERT INTO song_adjacency (song_id_1, song_id_2, occurrence_count) VALUES ('34cd5f7e-3bca-4a4d-9065-70c27a14bf89', '88b210b2-a855-4778-9dcb-c2f12f7c0118', 1.5) ON CONFLICT (song_id_1, song_id_2) DO UPDATE SET occurrence_count = EXCLUDED.occurrence_count;
INSERT INTO song_adjacency (song_id_1, song_id_2, occurrence_count) VALUES ('4c897bef-8900-47ac-a83a-d44a27e00ad0', '5e277f5c-d664-42db-a24d-8e6ad3030718', 1.5) ON CONFLICT (song_id_1, song_id_2) DO UPDATE SET occurrence_count = EXCLUDED.occurrence_count;
INSERT INTO song_adjacency (song_id_1, song_id_2, occurrence_count) VALUES ('5e277f5c-d664-42db-a24d-8e6ad3030718', 'be6d2a8e-6afa-43fb-9c14-8a9a499d5c32', 1.5) ON CONFLICT (song_id_1, song_id_2) DO UPDATE SET occurrence_count = EXCLUDED.occurrence_count;
INSERT INTO song_adjacency (song_id_1, song_id_2, occurrence_count) VALUES ('644d38ef-977e-44ba-9903-cd584a13b010', 'be6d2a8e-6afa-43fb-9c14-8a9a499d5c32', 1.5) ON CONFLICT (song_id_1, song_id_2) DO UPDATE SET occurrence_count = EXCLUDED.occurrence_count;
INSERT INTO song_adjacency (song_id_1, song_id_2, occurrence_count) VALUES ('73d4f658-e0e9-4282-9981-dfeb298839f8', 'd761b50b-d58c-4e3a-a4f3-2b5c7c0f3727', 1.5) ON CONFLICT (song_id_1, song_id_2) DO UPDATE SET occurrence_count = EXCLUDED.occurrence_count;
INSERT INTO song_adjacency (song_id_1, song_id_2, occurrence_count) VALUES ('0e176408-57e0-492f-a75a-da84de023e59', '53145c6d-885e-4712-81a8-879586e12086', 1.5) ON CONFLICT (song_id_1, song_id_2) DO UPDATE SET occurrence_count = EXCLUDED.occurrence_count;
INSERT INTO song_adjacency (song_id_1, song_id_2, occurrence_count) VALUES ('0e176408-57e0-492f-a75a-da84de023e59', '5581eae0-d62a-4267-854b-be3af4bc2ec9', 1.5) ON CONFLICT (song_id_1, song_id_2) DO UPDATE SET occurrence_count = EXCLUDED.occurrence_count;
INSERT INTO song_adjacency (song_id_1, song_id_2, occurrence_count) VALUES ('5e277f5c-d664-42db-a24d-8e6ad3030718', 'd761b50b-d58c-4e3a-a4f3-2b5c7c0f3727', 1.5) ON CONFLICT (song_id_1, song_id_2) DO UPDATE SET occurrence_count = EXCLUDED.occurrence_count;
INSERT INTO song_adjacency (song_id_1, song_id_2, occurrence_count) VALUES ('5e277f5c-d664-42db-a24d-8e6ad3030718', 'c55d2e99-a3ad-4f91-a756-dfab45532cb8', 1.5) ON CONFLICT (song_id_1, song_id_2) DO UPDATE SET occurrence_count = EXCLUDED.occurrence_count;
INSERT INTO song_adjacency (song_id_1, song_id_2, occurrence_count) VALUES ('c55d2e99-a3ad-4f91-a756-dfab45532cb8', 'ed07e36f-72f6-47c3-9aca-5425999b3dd6', 1.5) ON CONFLICT (song_id_1, song_id_2) DO UPDATE SET occurrence_count = EXCLUDED.occurrence_count;
INSERT INTO song_adjacency (song_id_1, song_id_2, occurrence_count) VALUES ('0f56807a-ab79-42a1-95fc-a8afb6a291a1', '515f28ae-1757-474a-8fb1-50af865284ae', 1.5) ON CONFLICT (song_id_1, song_id_2) DO UPDATE SET occurrence_count = EXCLUDED.occurrence_count;
INSERT INTO song_adjacency (song_id_1, song_id_2, occurrence_count) VALUES ('0f56807a-ab79-42a1-95fc-a8afb6a291a1', '3f93bef4-d0bf-4baa-b9b2-823fcae45c9d', 1.5) ON CONFLICT (song_id_1, song_id_2) DO UPDATE SET occurrence_count = EXCLUDED.occurrence_count;
INSERT INTO song_adjacency (song_id_1, song_id_2, occurrence_count) VALUES ('93b38aef-299f-4bc5-8db2-2a1cf8f8fa34', 'fb860820-f037-4100-9fcf-9a114d653349', 1.5) ON CONFLICT (song_id_1, song_id_2) DO UPDATE SET occurrence_count = EXCLUDED.occurrence_count;
INSERT INTO song_adjacency (song_id_1, song_id_2, occurrence_count) VALUES ('88b210b2-a855-4778-9dcb-c2f12f7c0118', 'd761b50b-d58c-4e3a-a4f3-2b5c7c0f3727', 1.5) ON CONFLICT (song_id_1, song_id_2) DO UPDATE SET occurrence_count = EXCLUDED.occurrence_count;
INSERT INTO song_adjacency (song_id_1, song_id_2, occurrence_count) VALUES ('4c897bef-8900-47ac-a83a-d44a27e00ad0', 'd761b50b-d58c-4e3a-a4f3-2b5c7c0f3727', 1.5) ON CONFLICT (song_id_1, song_id_2) DO UPDATE SET occurrence_count = EXCLUDED.occurrence_count;
INSERT INTO song_adjacency (song_id_1, song_id_2, occurrence_count) VALUES ('4c897bef-8900-47ac-a83a-d44a27e00ad0', '966391a4-aa4d-4245-942d-0dc479dbbac3', 1.5) ON CONFLICT (song_id_1, song_id_2) DO UPDATE SET occurrence_count = EXCLUDED.occurrence_count;
INSERT INTO song_adjacency (song_id_1, song_id_2, occurrence_count) VALUES ('73d4f658-e0e9-4282-9981-dfeb298839f8', '966391a4-aa4d-4245-942d-0dc479dbbac3', 1.5) ON CONFLICT (song_id_1, song_id_2) DO UPDATE SET occurrence_count = EXCLUDED.occurrence_count;
INSERT INTO song_adjacency (song_id_1, song_id_2, occurrence_count) VALUES ('73d4f658-e0e9-4282-9981-dfeb298839f8', 'd56ff3f3-d4a8-4fba-8313-66638a6857a6', 1.5) ON CONFLICT (song_id_1, song_id_2) DO UPDATE SET occurrence_count = EXCLUDED.occurrence_count;
INSERT INTO song_adjacency (song_id_1, song_id_2, occurrence_count) VALUES ('5e277f5c-d664-42db-a24d-8e6ad3030718', 'd9156aee-fa28-4cf0-a15a-cea4a694e8e7', 1.5) ON CONFLICT (song_id_1, song_id_2) DO UPDATE SET occurrence_count = EXCLUDED.occurrence_count;
INSERT INTO song_adjacency (song_id_1, song_id_2, occurrence_count) VALUES ('5e277f5c-d664-42db-a24d-8e6ad3030718', 'acb3593d-4f31-43c7-b4f0-d976ba6d5bd8', 1.5) ON CONFLICT (song_id_1, song_id_2) DO UPDATE SET occurrence_count = EXCLUDED.occurrence_count;
INSERT INTO song_adjacency (song_id_1, song_id_2, occurrence_count) VALUES ('53145c6d-885e-4712-81a8-879586e12086', 'acb3593d-4f31-43c7-b4f0-d976ba6d5bd8', 1.5) ON CONFLICT (song_id_1, song_id_2) DO UPDATE SET occurrence_count = EXCLUDED.occurrence_count;
INSERT INTO song_adjacency (song_id_1, song_id_2, occurrence_count) VALUES ('0f56807a-ab79-42a1-95fc-a8afb6a291a1', '644d38ef-977e-44ba-9903-cd584a13b010', 1.5) ON CONFLICT (song_id_1, song_id_2) DO UPDATE SET occurrence_count = EXCLUDED.occurrence_count;
INSERT INTO song_adjacency (song_id_1, song_id_2, occurrence_count) VALUES ('0f56807a-ab79-42a1-95fc-a8afb6a291a1', 'd9156aee-fa28-4cf0-a15a-cea4a694e8e7', 1.5) ON CONFLICT (song_id_1, song_id_2) DO UPDATE SET occurrence_count = EXCLUDED.occurrence_count;
INSERT INTO song_adjacency (song_id_1, song_id_2, occurrence_count) VALUES ('2a676095-ae37-49aa-89e6-8b406ad98dda', 'd9156aee-fa28-4cf0-a15a-cea4a694e8e7', 1.5) ON CONFLICT (song_id_1, song_id_2) DO UPDATE SET occurrence_count = EXCLUDED.occurrence_count;
INSERT INTO song_adjacency (song_id_1, song_id_2, occurrence_count) VALUES ('2a676095-ae37-49aa-89e6-8b406ad98dda', '34cd5f7e-3bca-4a4d-9065-70c27a14bf89', 1.5) ON CONFLICT (song_id_1, song_id_2) DO UPDATE SET occurrence_count = EXCLUDED.occurrence_count;
INSERT INTO song_adjacency (song_id_1, song_id_2, occurrence_count) VALUES ('34cd5f7e-3bca-4a4d-9065-70c27a14bf89', '53145c6d-885e-4712-81a8-879586e12086', 1.5) ON CONFLICT (song_id_1, song_id_2) DO UPDATE SET occurrence_count = EXCLUDED.occurrence_count;
INSERT INTO song_adjacency (song_id_1, song_id_2, occurrence_count) VALUES ('24e2db04-6c63-4957-a79d-67825282c8b1', '73d4f658-e0e9-4282-9981-dfeb298839f8', 1.5) ON CONFLICT (song_id_1, song_id_2) DO UPDATE SET occurrence_count = EXCLUDED.occurrence_count;
INSERT INTO song_adjacency (song_id_1, song_id_2, occurrence_count) VALUES ('24e2db04-6c63-4957-a79d-67825282c8b1', '42b4551f-23fc-49a0-bbcc-00c95b06cf06', 1.5) ON CONFLICT (song_id_1, song_id_2) DO UPDATE SET occurrence_count = EXCLUDED.occurrence_count;
INSERT INTO song_adjacency (song_id_1, song_id_2, occurrence_count) VALUES ('2a676095-ae37-49aa-89e6-8b406ad98dda', '42b4551f-23fc-49a0-bbcc-00c95b06cf06', 1.5) ON CONFLICT (song_id_1, song_id_2) DO UPDATE SET occurrence_count = EXCLUDED.occurrence_count;
INSERT INTO song_adjacency (song_id_1, song_id_2, occurrence_count) VALUES ('0f56807a-ab79-42a1-95fc-a8afb6a291a1', '6a82d943-e773-4bae-b006-e68f43450112', 1.5) ON CONFLICT (song_id_1, song_id_2) DO UPDATE SET occurrence_count = EXCLUDED.occurrence_count;
INSERT INTO song_adjacency (song_id_1, song_id_2, occurrence_count) VALUES ('0f56807a-ab79-42a1-95fc-a8afb6a291a1', '93b38aef-299f-4bc5-8db2-2a1cf8f8fa34', 1.5) ON CONFLICT (song_id_1, song_id_2) DO UPDATE SET occurrence_count = EXCLUDED.occurrence_count;
INSERT INTO song_adjacency (song_id_1, song_id_2, occurrence_count) VALUES ('55ffe74a-0ab0-49c1-860d-0ec87b03130c', 'e5ddfab8-b56c-4b1d-9d9d-6ef2c5fbc9c0', 1.5) ON CONFLICT (song_id_1, song_id_2) DO UPDATE SET occurrence_count = EXCLUDED.occurrence_count;
INSERT INTO song_adjacency (song_id_1, song_id_2, occurrence_count) VALUES ('55ffe74a-0ab0-49c1-860d-0ec87b03130c', '5af003af-6adf-4591-ba98-2c94947ec730', 1.5) ON CONFLICT (song_id_1, song_id_2) DO UPDATE SET occurrence_count = EXCLUDED.occurrence_count;
INSERT INTO song_adjacency (song_id_1, song_id_2, occurrence_count) VALUES ('46e7e00d-7e78-4341-a532-dbfad7e4204d', '5af003af-6adf-4591-ba98-2c94947ec730', 1.5) ON CONFLICT (song_id_1, song_id_2) DO UPDATE SET occurrence_count = EXCLUDED.occurrence_count;
INSERT INTO song_adjacency (song_id_1, song_id_2, occurrence_count) VALUES ('46e7e00d-7e78-4341-a532-dbfad7e4204d', '795e925b-a1e9-4785-a3f1-0d333cb5abca', 1.5) ON CONFLICT (song_id_1, song_id_2) DO UPDATE SET occurrence_count = EXCLUDED.occurrence_count;
INSERT INTO song_adjacency (song_id_1, song_id_2, occurrence_count) VALUES ('53145c6d-885e-4712-81a8-879586e12086', '795e925b-a1e9-4785-a3f1-0d333cb5abca', 1.5) ON CONFLICT (song_id_1, song_id_2) DO UPDATE SET occurrence_count = EXCLUDED.occurrence_count;
INSERT INTO song_adjacency (song_id_1, song_id_2, occurrence_count) VALUES ('93b38aef-299f-4bc5-8db2-2a1cf8f8fa34', 'da91b278-e4cd-461b-9b55-49a27b85019f', 1.5) ON CONFLICT (song_id_1, song_id_2) DO UPDATE SET occurrence_count = EXCLUDED.occurrence_count;
INSERT INTO song_adjacency (song_id_1, song_id_2, occurrence_count) VALUES ('46e7e00d-7e78-4341-a532-dbfad7e4204d', 'da91b278-e4cd-461b-9b55-49a27b85019f', 1.5) ON CONFLICT (song_id_1, song_id_2) DO UPDATE SET occurrence_count = EXCLUDED.occurrence_count;
INSERT INTO song_adjacency (song_id_1, song_id_2, occurrence_count) VALUES ('46e7e00d-7e78-4341-a532-dbfad7e4204d', 'c55d2e99-a3ad-4f91-a756-dfab45532cb8', 1.5) ON CONFLICT (song_id_1, song_id_2) DO UPDATE SET occurrence_count = EXCLUDED.occurrence_count;
INSERT INTO song_adjacency (song_id_1, song_id_2, occurrence_count) VALUES ('5581eae0-d62a-4267-854b-be3af4bc2ec9', 'c55d2e99-a3ad-4f91-a756-dfab45532cb8', 1.5) ON CONFLICT (song_id_1, song_id_2) DO UPDATE SET occurrence_count = EXCLUDED.occurrence_count;
INSERT INTO song_adjacency (song_id_1, song_id_2, occurrence_count) VALUES ('5581eae0-d62a-4267-854b-be3af4bc2ec9', 'fb860820-f037-4100-9fcf-9a114d653349', 1.5) ON CONFLICT (song_id_1, song_id_2) DO UPDATE SET occurrence_count = EXCLUDED.occurrence_count;
INSERT INTO song_adjacency (song_id_1, song_id_2, occurrence_count) VALUES ('29016ce6-4b4b-4c5d-b8b1-57202df8bb0d', 'fb860820-f037-4100-9fcf-9a114d653349', 1.5) ON CONFLICT (song_id_1, song_id_2) DO UPDATE SET occurrence_count = EXCLUDED.occurrence_count;
INSERT INTO song_adjacency (song_id_1, song_id_2, occurrence_count) VALUES ('29016ce6-4b4b-4c5d-b8b1-57202df8bb0d', '5af003af-6adf-4591-ba98-2c94947ec730', 1.5) ON CONFLICT (song_id_1, song_id_2) DO UPDATE SET occurrence_count = EXCLUDED.occurrence_count;
INSERT INTO song_adjacency (song_id_1, song_id_2, occurrence_count) VALUES ('5af003af-6adf-4591-ba98-2c94947ec730', '845dc173-f9a5-4aac-924d-304a86c02e90', 1.5) ON CONFLICT (song_id_1, song_id_2) DO UPDATE SET occurrence_count = EXCLUDED.occurrence_count;
INSERT INTO song_adjacency (song_id_1, song_id_2, occurrence_count) VALUES ('6a82d943-e773-4bae-b006-e68f43450112', '845dc173-f9a5-4aac-924d-304a86c02e90', 1.5) ON CONFLICT (song_id_1, song_id_2) DO UPDATE SET occurrence_count = EXCLUDED.occurrence_count;
INSERT INTO song_adjacency (song_id_1, song_id_2, occurrence_count) VALUES ('3025ed4f-86b9-4c85-be58-d790317dc8ab', '4c897bef-8900-47ac-a83a-d44a27e00ad0', 1.5) ON CONFLICT (song_id_1, song_id_2) DO UPDATE SET occurrence_count = EXCLUDED.occurrence_count;
INSERT INTO song_adjacency (song_id_1, song_id_2, occurrence_count) VALUES ('0e176408-57e0-492f-a75a-da84de023e59', '4c897bef-8900-47ac-a83a-d44a27e00ad0', 1.5) ON CONFLICT (song_id_1, song_id_2) DO UPDATE SET occurrence_count = EXCLUDED.occurrence_count;
INSERT INTO song_adjacency (song_id_1, song_id_2, occurrence_count) VALUES ('d761b50b-d58c-4e3a-a4f3-2b5c7c0f3727', 'e5ddfab8-b56c-4b1d-9d9d-6ef2c5fbc9c0', 1.5) ON CONFLICT (song_id_1, song_id_2) DO UPDATE SET occurrence_count = EXCLUDED.occurrence_count;
INSERT INTO song_adjacency (song_id_1, song_id_2, occurrence_count) VALUES ('46e7e00d-7e78-4341-a532-dbfad7e4204d', '93b38aef-299f-4bc5-8db2-2a1cf8f8fa34', 1.5) ON CONFLICT (song_id_1, song_id_2) DO UPDATE SET occurrence_count = EXCLUDED.occurrence_count;
INSERT INTO song_adjacency (song_id_1, song_id_2, occurrence_count) VALUES ('46e7e00d-7e78-4341-a532-dbfad7e4204d', 'ed07e36f-72f6-47c3-9aca-5425999b3dd6', 1.5) ON CONFLICT (song_id_1, song_id_2) DO UPDATE SET occurrence_count = EXCLUDED.occurrence_count;
INSERT INTO song_adjacency (song_id_1, song_id_2, occurrence_count) VALUES ('5e277f5c-d664-42db-a24d-8e6ad3030718', '73d4f658-e0e9-4282-9981-dfeb298839f8', 1.5) ON CONFLICT (song_id_1, song_id_2) DO UPDATE SET occurrence_count = EXCLUDED.occurrence_count;
INSERT INTO song_adjacency (song_id_1, song_id_2, occurrence_count) VALUES ('73d4f658-e0e9-4282-9981-dfeb298839f8', '795e925b-a1e9-4785-a3f1-0d333cb5abca', 1.5) ON CONFLICT (song_id_1, song_id_2) DO UPDATE SET occurrence_count = EXCLUDED.occurrence_count;
INSERT INTO song_adjacency (song_id_1, song_id_2, occurrence_count) VALUES ('33b470b2-85c0-433c-9378-e130f8956b20', '86d6ae56-7d5a-4a2d-9c26-757deb038eef', 1.5) ON CONFLICT (song_id_1, song_id_2) DO UPDATE SET occurrence_count = EXCLUDED.occurrence_count;
INSERT INTO song_adjacency (song_id_1, song_id_2, occurrence_count) VALUES ('1ef86ec5-445f-442d-88f9-d063d01d1982', 'fd251364-4f3d-4d8c-b85e-085438405d77', 1.5) ON CONFLICT (song_id_1, song_id_2) DO UPDATE SET occurrence_count = EXCLUDED.occurrence_count;
INSERT INTO song_adjacency (song_id_1, song_id_2, occurrence_count) VALUES ('29016ce6-4b4b-4c5d-b8b1-57202df8bb0d', '70a41827-fab0-4b4f-b447-b1c78551a3a7', 1.5) ON CONFLICT (song_id_1, song_id_2) DO UPDATE SET occurrence_count = EXCLUDED.occurrence_count;
INSERT INTO song_adjacency (song_id_1, song_id_2, occurrence_count) VALUES ('70a41827-fab0-4b4f-b447-b1c78551a3a7', '795e925b-a1e9-4785-a3f1-0d333cb5abca', 1.5) ON CONFLICT (song_id_1, song_id_2) DO UPDATE SET occurrence_count = EXCLUDED.occurrence_count;
INSERT INTO song_adjacency (song_id_1, song_id_2, occurrence_count) VALUES ('4c897bef-8900-47ac-a83a-d44a27e00ad0', 'da91b278-e4cd-461b-9b55-49a27b85019f', 1.5) ON CONFLICT (song_id_1, song_id_2) DO UPDATE SET occurrence_count = EXCLUDED.occurrence_count;
INSERT INTO song_adjacency (song_id_1, song_id_2, occurrence_count) VALUES ('2ca0f81c-851d-4be2-9216-7314f66dbc95', 'da91b278-e4cd-461b-9b55-49a27b85019f', 1.5) ON CONFLICT (song_id_1, song_id_2) DO UPDATE SET occurrence_count = EXCLUDED.occurrence_count;
INSERT INTO song_adjacency (song_id_1, song_id_2, occurrence_count) VALUES ('2ca0f81c-851d-4be2-9216-7314f66dbc95', 'd9156aee-fa28-4cf0-a15a-cea4a694e8e7', 1.5) ON CONFLICT (song_id_1, song_id_2) DO UPDATE SET occurrence_count = EXCLUDED.occurrence_count;
INSERT INTO song_adjacency (song_id_1, song_id_2, occurrence_count) VALUES ('5af003af-6adf-4591-ba98-2c94947ec730', 'd9156aee-fa28-4cf0-a15a-cea4a694e8e7', 1.5) ON CONFLICT (song_id_1, song_id_2) DO UPDATE SET occurrence_count = EXCLUDED.occurrence_count;
INSERT INTO song_adjacency (song_id_1, song_id_2, occurrence_count) VALUES ('73d4f658-e0e9-4282-9981-dfeb298839f8', 'fd251364-4f3d-4d8c-b85e-085438405d77', 1.5) ON CONFLICT (song_id_1, song_id_2) DO UPDATE SET occurrence_count = EXCLUDED.occurrence_count;
INSERT INTO song_adjacency (song_id_1, song_id_2, occurrence_count) VALUES ('3025ed4f-86b9-4c85-be58-d790317dc8ab', 'acb3593d-4f31-43c7-b4f0-d976ba6d5bd8', 1.5) ON CONFLICT (song_id_1, song_id_2) DO UPDATE SET occurrence_count = EXCLUDED.occurrence_count;
INSERT INTO song_adjacency (song_id_1, song_id_2, occurrence_count) VALUES ('5af003af-6adf-4591-ba98-2c94947ec730', 'acb3593d-4f31-43c7-b4f0-d976ba6d5bd8', 1.5) ON CONFLICT (song_id_1, song_id_2) DO UPDATE SET occurrence_count = EXCLUDED.occurrence_count;
INSERT INTO song_adjacency (song_id_1, song_id_2, occurrence_count) VALUES ('34cd5f7e-3bca-4a4d-9065-70c27a14bf89', '5581eae0-d62a-4267-854b-be3af4bc2ec9', 1.5) ON CONFLICT (song_id_1, song_id_2) DO UPDATE SET occurrence_count = EXCLUDED.occurrence_count;
INSERT INTO song_adjacency (song_id_1, song_id_2, occurrence_count) VALUES ('2ca0f81c-851d-4be2-9216-7314f66dbc95', '34cd5f7e-3bca-4a4d-9065-70c27a14bf89', 1.5) ON CONFLICT (song_id_1, song_id_2) DO UPDATE SET occurrence_count = EXCLUDED.occurrence_count;
INSERT INTO song_adjacency (song_id_1, song_id_2, occurrence_count) VALUES ('0e176408-57e0-492f-a75a-da84de023e59', '2ca0f81c-851d-4be2-9216-7314f66dbc95', 1.5) ON CONFLICT (song_id_1, song_id_2) DO UPDATE SET occurrence_count = EXCLUDED.occurrence_count;
INSERT INTO song_adjacency (song_id_1, song_id_2, occurrence_count) VALUES ('34cd5f7e-3bca-4a4d-9065-70c27a14bf89', '86d6ae56-7d5a-4a2d-9c26-757deb038eef', 1.5) ON CONFLICT (song_id_1, song_id_2) DO UPDATE SET occurrence_count = EXCLUDED.occurrence_count;
INSERT INTO song_adjacency (song_id_1, song_id_2, occurrence_count) VALUES ('24e2db04-6c63-4957-a79d-67825282c8b1', '3f93bef4-d0bf-4baa-b9b2-823fcae45c9d', 1.5) ON CONFLICT (song_id_1, song_id_2) DO UPDATE SET occurrence_count = EXCLUDED.occurrence_count;
INSERT INTO song_adjacency (song_id_1, song_id_2, occurrence_count) VALUES ('3f93bef4-d0bf-4baa-b9b2-823fcae45c9d', 'acb3593d-4f31-43c7-b4f0-d976ba6d5bd8', 1.5) ON CONFLICT (song_id_1, song_id_2) DO UPDATE SET occurrence_count = EXCLUDED.occurrence_count;
INSERT INTO song_adjacency (song_id_1, song_id_2, occurrence_count) VALUES ('acb3593d-4f31-43c7-b4f0-d976ba6d5bd8', 'd9156aee-fa28-4cf0-a15a-cea4a694e8e7', 1.5) ON CONFLICT (song_id_1, song_id_2) DO UPDATE SET occurrence_count = EXCLUDED.occurrence_count;
INSERT INTO song_adjacency (song_id_1, song_id_2, occurrence_count) VALUES ('d9156aee-fa28-4cf0-a15a-cea4a694e8e7', 'e0ea3781-e3d7-4baa-b8b3-9f589285eaff', 1.5) ON CONFLICT (song_id_1, song_id_2) DO UPDATE SET occurrence_count = EXCLUDED.occurrence_count;
INSERT INTO song_adjacency (song_id_1, song_id_2, occurrence_count) VALUES ('5e277f5c-d664-42db-a24d-8e6ad3030718', 'e0ea3781-e3d7-4baa-b8b3-9f589285eaff', 1.5) ON CONFLICT (song_id_1, song_id_2) DO UPDATE SET occurrence_count = EXCLUDED.occurrence_count;
INSERT INTO song_adjacency (song_id_1, song_id_2, occurrence_count) VALUES ('5e277f5c-d664-42db-a24d-8e6ad3030718', '93b38aef-299f-4bc5-8db2-2a1cf8f8fa34', 1.5) ON CONFLICT (song_id_1, song_id_2) DO UPDATE SET occurrence_count = EXCLUDED.occurrence_count;
INSERT INTO song_adjacency (song_id_1, song_id_2, occurrence_count) VALUES ('73d4f658-e0e9-4282-9981-dfeb298839f8', '93b38aef-299f-4bc5-8db2-2a1cf8f8fa34', 1.5) ON CONFLICT (song_id_1, song_id_2) DO UPDATE SET occurrence_count = EXCLUDED.occurrence_count;
INSERT INTO song_adjacency (song_id_1, song_id_2, occurrence_count) VALUES ('73d4f658-e0e9-4282-9981-dfeb298839f8', 'da91b278-e4cd-461b-9b55-49a27b85019f', 1.5) ON CONFLICT (song_id_1, song_id_2) DO UPDATE SET occurrence_count = EXCLUDED.occurrence_count;
INSERT INTO song_adjacency (song_id_1, song_id_2, occurrence_count) VALUES ('5581eae0-d62a-4267-854b-be3af4bc2ec9', 'da91b278-e4cd-461b-9b55-49a27b85019f', 1.5) ON CONFLICT (song_id_1, song_id_2) DO UPDATE SET occurrence_count = EXCLUDED.occurrence_count;
INSERT INTO song_adjacency (song_id_1, song_id_2, occurrence_count) VALUES ('1ef86ec5-445f-442d-88f9-d063d01d1982', '5581eae0-d62a-4267-854b-be3af4bc2ec9', 1.5) ON CONFLICT (song_id_1, song_id_2) DO UPDATE SET occurrence_count = EXCLUDED.occurrence_count;
INSERT INTO song_adjacency (song_id_1, song_id_2, occurrence_count) VALUES ('0e176408-57e0-492f-a75a-da84de023e59', 'be6d2a8e-6afa-43fb-9c14-8a9a499d5c32', 1.5) ON CONFLICT (song_id_1, song_id_2) DO UPDATE SET occurrence_count = EXCLUDED.occurrence_count;
INSERT INTO song_adjacency (song_id_1, song_id_2, occurrence_count) VALUES ('73d4f658-e0e9-4282-9981-dfeb298839f8', 'be6d2a8e-6afa-43fb-9c14-8a9a499d5c32', 1.5) ON CONFLICT (song_id_1, song_id_2) DO UPDATE SET occurrence_count = EXCLUDED.occurrence_count;
INSERT INTO song_adjacency (song_id_1, song_id_2, occurrence_count) VALUES ('73d4f658-e0e9-4282-9981-dfeb298839f8', 'ed07e36f-72f6-47c3-9aca-5425999b3dd6', 1.5) ON CONFLICT (song_id_1, song_id_2) DO UPDATE SET occurrence_count = EXCLUDED.occurrence_count;
INSERT INTO song_adjacency (song_id_1, song_id_2, occurrence_count) VALUES ('795e925b-a1e9-4785-a3f1-0d333cb5abca', 'ed07e36f-72f6-47c3-9aca-5425999b3dd6', 1.5) ON CONFLICT (song_id_1, song_id_2) DO UPDATE SET occurrence_count = EXCLUDED.occurrence_count;
INSERT INTO song_adjacency (song_id_1, song_id_2, occurrence_count) VALUES ('4c897bef-8900-47ac-a83a-d44a27e00ad0', '795e925b-a1e9-4785-a3f1-0d333cb5abca', 1.5) ON CONFLICT (song_id_1, song_id_2) DO UPDATE SET occurrence_count = EXCLUDED.occurrence_count;
INSERT INTO song_adjacency (song_id_1, song_id_2, occurrence_count) VALUES ('4c897bef-8900-47ac-a83a-d44a27e00ad0', '55ffe74a-0ab0-49c1-860d-0ec87b03130c', 1.5) ON CONFLICT (song_id_1, song_id_2) DO UPDATE SET occurrence_count = EXCLUDED.occurrence_count;
INSERT INTO song_adjacency (song_id_1, song_id_2, occurrence_count) VALUES ('3025ed4f-86b9-4c85-be58-d790317dc8ab', '73d4f658-e0e9-4282-9981-dfeb298839f8', 1.5) ON CONFLICT (song_id_1, song_id_2) DO UPDATE SET occurrence_count = EXCLUDED.occurrence_count;
INSERT INTO song_adjacency (song_id_1, song_id_2, occurrence_count) VALUES ('d490bc54-8a3b-41da-8700-b977181d5e1d', 'fd251364-4f3d-4d8c-b85e-085438405d77', 1.5) ON CONFLICT (song_id_1, song_id_2) DO UPDATE SET occurrence_count = EXCLUDED.occurrence_count;
INSERT INTO song_adjacency (song_id_1, song_id_2, occurrence_count) VALUES ('5581eae0-d62a-4267-854b-be3af4bc2ec9', 'fd251364-4f3d-4d8c-b85e-085438405d77', 1.5) ON CONFLICT (song_id_1, song_id_2) DO UPDATE SET occurrence_count = EXCLUDED.occurrence_count;
INSERT INTO song_adjacency (song_id_1, song_id_2, occurrence_count) VALUES ('5581eae0-d62a-4267-854b-be3af4bc2ec9', '5af003af-6adf-4591-ba98-2c94947ec730', 1.5) ON CONFLICT (song_id_1, song_id_2) DO UPDATE SET occurrence_count = EXCLUDED.occurrence_count;
INSERT INTO song_adjacency (song_id_1, song_id_2, occurrence_count) VALUES ('d56ff3f3-d4a8-4fba-8313-66638a6857a6', 'e5ddfab8-b56c-4b1d-9d9d-6ef2c5fbc9c0', 1.5) ON CONFLICT (song_id_1, song_id_2) DO UPDATE SET occurrence_count = EXCLUDED.occurrence_count;
INSERT INTO song_adjacency (song_id_1, song_id_2, occurrence_count) VALUES ('d9156aee-fa28-4cf0-a15a-cea4a694e8e7', 'fb860820-f037-4100-9fcf-9a114d653349', 1.5) ON CONFLICT (song_id_1, song_id_2) DO UPDATE SET occurrence_count = EXCLUDED.occurrence_count;
INSERT INTO song_adjacency (song_id_1, song_id_2, occurrence_count) VALUES ('515f28ae-1757-474a-8fb1-50af865284ae', 'f23f92b1-8bba-4047-a620-6d2c0501b7d0', 1.5) ON CONFLICT (song_id_1, song_id_2) DO UPDATE SET occurrence_count = EXCLUDED.occurrence_count;
INSERT INTO song_adjacency (song_id_1, song_id_2, occurrence_count) VALUES ('4c897bef-8900-47ac-a83a-d44a27e00ad0', '70a41827-fab0-4b4f-b447-b1c78551a3a7', 1.5) ON CONFLICT (song_id_1, song_id_2) DO UPDATE SET occurrence_count = EXCLUDED.occurrence_count;
INSERT INTO song_adjacency (song_id_1, song_id_2, occurrence_count) VALUES ('3f93bef4-d0bf-4baa-b9b2-823fcae45c9d', '70a41827-fab0-4b4f-b447-b1c78551a3a7', 1.5) ON CONFLICT (song_id_1, song_id_2) DO UPDATE SET occurrence_count = EXCLUDED.occurrence_count;
INSERT INTO song_adjacency (song_id_1, song_id_2, occurrence_count) VALUES ('3f93bef4-d0bf-4baa-b9b2-823fcae45c9d', '53145c6d-885e-4712-81a8-879586e12086', 1.5) ON CONFLICT (song_id_1, song_id_2) DO UPDATE SET occurrence_count = EXCLUDED.occurrence_count;
INSERT INTO song_adjacency (song_id_1, song_id_2, occurrence_count) VALUES ('53145c6d-885e-4712-81a8-879586e12086', 'd9156aee-fa28-4cf0-a15a-cea4a694e8e7', 1.5) ON CONFLICT (song_id_1, song_id_2) DO UPDATE SET occurrence_count = EXCLUDED.occurrence_count;
INSERT INTO song_adjacency (song_id_1, song_id_2, occurrence_count) VALUES ('33b470b2-85c0-433c-9378-e130f8956b20', '966391a4-aa4d-4245-942d-0dc479dbbac3', 1.5) ON CONFLICT (song_id_1, song_id_2) DO UPDATE SET occurrence_count = EXCLUDED.occurrence_count;
INSERT INTO song_adjacency (song_id_1, song_id_2, occurrence_count) VALUES ('845dc173-f9a5-4aac-924d-304a86c02e90', 'fd251364-4f3d-4d8c-b85e-085438405d77', 1.5) ON CONFLICT (song_id_1, song_id_2) DO UPDATE SET occurrence_count = EXCLUDED.occurrence_count;
INSERT INTO song_adjacency (song_id_1, song_id_2, occurrence_count) VALUES ('845dc173-f9a5-4aac-924d-304a86c02e90', '93b38aef-299f-4bc5-8db2-2a1cf8f8fa34', 1.5) ON CONFLICT (song_id_1, song_id_2) DO UPDATE SET occurrence_count = EXCLUDED.occurrence_count;
INSERT INTO song_adjacency (song_id_1, song_id_2, occurrence_count) VALUES ('93b38aef-299f-4bc5-8db2-2a1cf8f8fa34', 'ed07e36f-72f6-47c3-9aca-5425999b3dd6', 1.5) ON CONFLICT (song_id_1, song_id_2) DO UPDATE SET occurrence_count = EXCLUDED.occurrence_count;
INSERT INTO song_adjacency (song_id_1, song_id_2, occurrence_count) VALUES ('73d4f658-e0e9-4282-9981-dfeb298839f8', 'f23f92b1-8bba-4047-a620-6d2c0501b7d0', 1.5) ON CONFLICT (song_id_1, song_id_2) DO UPDATE SET occurrence_count = EXCLUDED.occurrence_count;
INSERT INTO song_adjacency (song_id_1, song_id_2, occurrence_count) VALUES ('53145c6d-885e-4712-81a8-879586e12086', '73d4f658-e0e9-4282-9981-dfeb298839f8', 1.5) ON CONFLICT (song_id_1, song_id_2) DO UPDATE SET occurrence_count = EXCLUDED.occurrence_count;
INSERT INTO song_adjacency (song_id_1, song_id_2, occurrence_count) VALUES ('795e925b-a1e9-4785-a3f1-0d333cb5abca', 'fb860820-f037-4100-9fcf-9a114d653349', 1.5) ON CONFLICT (song_id_1, song_id_2) DO UPDATE SET occurrence_count = EXCLUDED.occurrence_count;
INSERT INTO song_adjacency (song_id_1, song_id_2, occurrence_count) VALUES ('795e925b-a1e9-4785-a3f1-0d333cb5abca', 'e5ddfab8-b56c-4b1d-9d9d-6ef2c5fbc9c0', 1.5) ON CONFLICT (song_id_1, song_id_2) DO UPDATE SET occurrence_count = EXCLUDED.occurrence_count;
INSERT INTO song_adjacency (song_id_1, song_id_2, occurrence_count) VALUES ('be6d2a8e-6afa-43fb-9c14-8a9a499d5c32', 'e5ddfab8-b56c-4b1d-9d9d-6ef2c5fbc9c0', 1.5) ON CONFLICT (song_id_1, song_id_2) DO UPDATE SET occurrence_count = EXCLUDED.occurrence_count;
INSERT INTO song_adjacency (song_id_1, song_id_2, occurrence_count) VALUES ('5581eae0-d62a-4267-854b-be3af4bc2ec9', 'be6d2a8e-6afa-43fb-9c14-8a9a499d5c32', 1.5) ON CONFLICT (song_id_1, song_id_2) DO UPDATE SET occurrence_count = EXCLUDED.occurrence_count;
INSERT INTO song_adjacency (song_id_1, song_id_2, occurrence_count) VALUES ('5581eae0-d62a-4267-854b-be3af4bc2ec9', '70a41827-fab0-4b4f-b447-b1c78551a3a7', 1.5) ON CONFLICT (song_id_1, song_id_2) DO UPDATE SET occurrence_count = EXCLUDED.occurrence_count;
INSERT INTO song_adjacency (song_id_1, song_id_2, occurrence_count) VALUES ('515f28ae-1757-474a-8fb1-50af865284ae', '5e277f5c-d664-42db-a24d-8e6ad3030718', 1.5) ON CONFLICT (song_id_1, song_id_2) DO UPDATE SET occurrence_count = EXCLUDED.occurrence_count;
INSERT INTO song_adjacency (song_id_1, song_id_2, occurrence_count) VALUES ('86d6ae56-7d5a-4a2d-9c26-757deb038eef', 'ed07e36f-72f6-47c3-9aca-5425999b3dd6', 1.5) ON CONFLICT (song_id_1, song_id_2) DO UPDATE SET occurrence_count = EXCLUDED.occurrence_count;
INSERT INTO song_adjacency (song_id_1, song_id_2, occurrence_count) VALUES ('42b4551f-23fc-49a0-bbcc-00c95b06cf06', '86d6ae56-7d5a-4a2d-9c26-757deb038eef', 1.5) ON CONFLICT (song_id_1, song_id_2) DO UPDATE SET occurrence_count = EXCLUDED.occurrence_count;
INSERT INTO song_adjacency (song_id_1, song_id_2, occurrence_count) VALUES ('d490bc54-8a3b-41da-8700-b977181d5e1d', 'd9156aee-fa28-4cf0-a15a-cea4a694e8e7', 1.5) ON CONFLICT (song_id_1, song_id_2) DO UPDATE SET occurrence_count = EXCLUDED.occurrence_count;
INSERT INTO song_adjacency (song_id_1, song_id_2, occurrence_count) VALUES ('86d6ae56-7d5a-4a2d-9c26-757deb038eef', 'd490bc54-8a3b-41da-8700-b977181d5e1d', 1.5) ON CONFLICT (song_id_1, song_id_2) DO UPDATE SET occurrence_count = EXCLUDED.occurrence_count;
INSERT INTO song_adjacency (song_id_1, song_id_2, occurrence_count) VALUES ('86d6ae56-7d5a-4a2d-9c26-757deb038eef', 'd56ff3f3-d4a8-4fba-8313-66638a6857a6', 1.5) ON CONFLICT (song_id_1, song_id_2) DO UPDATE SET occurrence_count = EXCLUDED.occurrence_count;
INSERT INTO song_adjacency (song_id_1, song_id_2, occurrence_count) VALUES ('6a82d943-e773-4bae-b006-e68f43450112', 'd56ff3f3-d4a8-4fba-8313-66638a6857a6', 1.5) ON CONFLICT (song_id_1, song_id_2) DO UPDATE SET occurrence_count = EXCLUDED.occurrence_count;
INSERT INTO song_adjacency (song_id_1, song_id_2, occurrence_count) VALUES ('2a676095-ae37-49aa-89e6-8b406ad98dda', '4c897bef-8900-47ac-a83a-d44a27e00ad0', 1.5) ON CONFLICT (song_id_1, song_id_2) DO UPDATE SET occurrence_count = EXCLUDED.occurrence_count;
INSERT INTO song_adjacency (song_id_1, song_id_2, occurrence_count) VALUES ('2a676095-ae37-49aa-89e6-8b406ad98dda', '33b470b2-85c0-433c-9378-e130f8956b20', 1.5) ON CONFLICT (song_id_1, song_id_2) DO UPDATE SET occurrence_count = EXCLUDED.occurrence_count;
INSERT INTO song_adjacency (song_id_1, song_id_2, occurrence_count) VALUES ('33b470b2-85c0-433c-9378-e130f8956b20', '70a41827-fab0-4b4f-b447-b1c78551a3a7', 1.5) ON CONFLICT (song_id_1, song_id_2) DO UPDATE SET occurrence_count = EXCLUDED.occurrence_count;
INSERT INTO song_adjacency (song_id_1, song_id_2, occurrence_count) VALUES ('70a41827-fab0-4b4f-b447-b1c78551a3a7', 'c55d2e99-a3ad-4f91-a756-dfab45532cb8', 1.5) ON CONFLICT (song_id_1, song_id_2) DO UPDATE SET occurrence_count = EXCLUDED.occurrence_count;
INSERT INTO song_adjacency (song_id_1, song_id_2, occurrence_count) VALUES ('795e925b-a1e9-4785-a3f1-0d333cb5abca', '861f0451-35a2-473e-8014-00b13eba9090', 1.5) ON CONFLICT (song_id_1, song_id_2) DO UPDATE SET occurrence_count = EXCLUDED.occurrence_count;
INSERT INTO song_adjacency (song_id_1, song_id_2, occurrence_count) VALUES ('861f0451-35a2-473e-8014-00b13eba9090', '93b38aef-299f-4bc5-8db2-2a1cf8f8fa34', 1.5) ON CONFLICT (song_id_1, song_id_2) DO UPDATE SET occurrence_count = EXCLUDED.occurrence_count;
INSERT INTO song_adjacency (song_id_1, song_id_2, occurrence_count) VALUES ('88b210b2-a855-4778-9dcb-c2f12f7c0118', '93b38aef-299f-4bc5-8db2-2a1cf8f8fa34', 1.5) ON CONFLICT (song_id_1, song_id_2) DO UPDATE SET occurrence_count = EXCLUDED.occurrence_count;
INSERT INTO song_adjacency (song_id_1, song_id_2, occurrence_count) VALUES ('515f28ae-1757-474a-8fb1-50af865284ae', '88b210b2-a855-4778-9dcb-c2f12f7c0118', 1.5) ON CONFLICT (song_id_1, song_id_2) DO UPDATE SET occurrence_count = EXCLUDED.occurrence_count;
INSERT INTO song_adjacency (song_id_1, song_id_2, occurrence_count) VALUES ('515f28ae-1757-474a-8fb1-50af865284ae', '73d4f658-e0e9-4282-9981-dfeb298839f8', 1.5) ON CONFLICT (song_id_1, song_id_2) DO UPDATE SET occurrence_count = EXCLUDED.occurrence_count;
INSERT INTO song_adjacency (song_id_1, song_id_2, occurrence_count) VALUES ('3025ed4f-86b9-4c85-be58-d790317dc8ab', '86d6ae56-7d5a-4a2d-9c26-757deb038eef', 1.5) ON CONFLICT (song_id_1, song_id_2) DO UPDATE SET occurrence_count = EXCLUDED.occurrence_count;
INSERT INTO song_adjacency (song_id_1, song_id_2, occurrence_count) VALUES ('46e7e00d-7e78-4341-a532-dbfad7e4204d', '70a41827-fab0-4b4f-b447-b1c78551a3a7', 1.5) ON CONFLICT (song_id_1, song_id_2) DO UPDATE SET occurrence_count = EXCLUDED.occurrence_count;
INSERT INTO song_adjacency (song_id_1, song_id_2, occurrence_count) VALUES ('6a82d943-e773-4bae-b006-e68f43450112', '70a41827-fab0-4b4f-b447-b1c78551a3a7', 1.5) ON CONFLICT (song_id_1, song_id_2) DO UPDATE SET occurrence_count = EXCLUDED.occurrence_count;
INSERT INTO song_adjacency (song_id_1, song_id_2, occurrence_count) VALUES ('6a82d943-e773-4bae-b006-e68f43450112', '966391a4-aa4d-4245-942d-0dc479dbbac3', 1.5) ON CONFLICT (song_id_1, song_id_2) DO UPDATE SET occurrence_count = EXCLUDED.occurrence_count;
INSERT INTO song_adjacency (song_id_1, song_id_2, occurrence_count) VALUES ('29016ce6-4b4b-4c5d-b8b1-57202df8bb0d', '966391a4-aa4d-4245-942d-0dc479dbbac3', 1.5) ON CONFLICT (song_id_1, song_id_2) DO UPDATE SET occurrence_count = EXCLUDED.occurrence_count;
INSERT INTO song_adjacency (song_id_1, song_id_2, occurrence_count) VALUES ('29016ce6-4b4b-4c5d-b8b1-57202df8bb0d', 'be6d2a8e-6afa-43fb-9c14-8a9a499d5c32', 1.5) ON CONFLICT (song_id_1, song_id_2) DO UPDATE SET occurrence_count = EXCLUDED.occurrence_count;
INSERT INTO song_adjacency (song_id_1, song_id_2, occurrence_count) VALUES ('2ca0f81c-851d-4be2-9216-7314f66dbc95', 'be6d2a8e-6afa-43fb-9c14-8a9a499d5c32', 1.5) ON CONFLICT (song_id_1, song_id_2) DO UPDATE SET occurrence_count = EXCLUDED.occurrence_count;
INSERT INTO song_adjacency (song_id_1, song_id_2, occurrence_count) VALUES ('2ca0f81c-851d-4be2-9216-7314f66dbc95', '845dc173-f9a5-4aac-924d-304a86c02e90', 1.5) ON CONFLICT (song_id_1, song_id_2) DO UPDATE SET occurrence_count = EXCLUDED.occurrence_count;
INSERT INTO song_adjacency (song_id_1, song_id_2, occurrence_count) VALUES ('0f56807a-ab79-42a1-95fc-a8afb6a291a1', '845dc173-f9a5-4aac-924d-304a86c02e90', 1.5) ON CONFLICT (song_id_1, song_id_2) DO UPDATE SET occurrence_count = EXCLUDED.occurrence_count;
INSERT INTO song_adjacency (song_id_1, song_id_2, occurrence_count) VALUES ('0f56807a-ab79-42a1-95fc-a8afb6a291a1', '53145c6d-885e-4712-81a8-879586e12086', 1.5) ON CONFLICT (song_id_1, song_id_2) DO UPDATE SET occurrence_count = EXCLUDED.occurrence_count;
INSERT INTO song_adjacency (song_id_1, song_id_2, occurrence_count) VALUES ('46e7e00d-7e78-4341-a532-dbfad7e4204d', '644d38ef-977e-44ba-9903-cd584a13b010', 1.5) ON CONFLICT (song_id_1, song_id_2) DO UPDATE SET occurrence_count = EXCLUDED.occurrence_count;
INSERT INTO song_adjacency (song_id_1, song_id_2, occurrence_count) VALUES ('42b4551f-23fc-49a0-bbcc-00c95b06cf06', 'd761b50b-d58c-4e3a-a4f3-2b5c7c0f3727', 1.5) ON CONFLICT (song_id_1, song_id_2) DO UPDATE SET occurrence_count = EXCLUDED.occurrence_count;
INSERT INTO song_adjacency (song_id_1, song_id_2, occurrence_count) VALUES ('42b4551f-23fc-49a0-bbcc-00c95b06cf06', 'fd251364-4f3d-4d8c-b85e-085438405d77', 1.5) ON CONFLICT (song_id_1, song_id_2) DO UPDATE SET occurrence_count = EXCLUDED.occurrence_count;
INSERT INTO song_adjacency (song_id_1, song_id_2, occurrence_count) VALUES ('da91b278-e4cd-461b-9b55-49a27b85019f', 'fd251364-4f3d-4d8c-b85e-085438405d77', 1.5) ON CONFLICT (song_id_1, song_id_2) DO UPDATE SET occurrence_count = EXCLUDED.occurrence_count;
INSERT INTO song_adjacency (song_id_1, song_id_2, occurrence_count) VALUES ('0e176408-57e0-492f-a75a-da84de023e59', '1ef86ec5-445f-442d-88f9-d063d01d1982', 1.5) ON CONFLICT (song_id_1, song_id_2) DO UPDATE SET occurrence_count = EXCLUDED.occurrence_count;
INSERT INTO song_adjacency (song_id_1, song_id_2, occurrence_count) VALUES ('0e176408-57e0-492f-a75a-da84de023e59', '861f0451-35a2-473e-8014-00b13eba9090', 1.5) ON CONFLICT (song_id_1, song_id_2) DO UPDATE SET occurrence_count = EXCLUDED.occurrence_count;
INSERT INTO song_adjacency (song_id_1, song_id_2, occurrence_count) VALUES ('24e2db04-6c63-4957-a79d-67825282c8b1', '861f0451-35a2-473e-8014-00b13eba9090', 1.5) ON CONFLICT (song_id_1, song_id_2) DO UPDATE SET occurrence_count = EXCLUDED.occurrence_count;
INSERT INTO song_adjacency (song_id_1, song_id_2, occurrence_count) VALUES ('24e2db04-6c63-4957-a79d-67825282c8b1', '29016ce6-4b4b-4c5d-b8b1-57202df8bb0d', 1.5) ON CONFLICT (song_id_1, song_id_2) DO UPDATE SET occurrence_count = EXCLUDED.occurrence_count;
INSERT INTO song_adjacency (song_id_1, song_id_2, occurrence_count) VALUES ('0e176408-57e0-492f-a75a-da84de023e59', 'fd251364-4f3d-4d8c-b85e-085438405d77', 1.5) ON CONFLICT (song_id_1, song_id_2) DO UPDATE SET occurrence_count = EXCLUDED.occurrence_count;
INSERT INTO song_adjacency (song_id_1, song_id_2, occurrence_count) VALUES ('3025ed4f-86b9-4c85-be58-d790317dc8ab', '3f93bef4-d0bf-4baa-b9b2-823fcae45c9d', 1.5) ON CONFLICT (song_id_1, song_id_2) DO UPDATE SET occurrence_count = EXCLUDED.occurrence_count;
INSERT INTO song_adjacency (song_id_1, song_id_2, occurrence_count) VALUES ('3f93bef4-d0bf-4baa-b9b2-823fcae45c9d', 'd490bc54-8a3b-41da-8700-b977181d5e1d', 1.5) ON CONFLICT (song_id_1, song_id_2) DO UPDATE SET occurrence_count = EXCLUDED.occurrence_count;
INSERT INTO song_adjacency (song_id_1, song_id_2, occurrence_count) VALUES ('29016ce6-4b4b-4c5d-b8b1-57202df8bb0d', 'd490bc54-8a3b-41da-8700-b977181d5e1d', 1.5) ON CONFLICT (song_id_1, song_id_2) DO UPDATE SET occurrence_count = EXCLUDED.occurrence_count;
INSERT INTO song_adjacency (song_id_1, song_id_2, occurrence_count) VALUES ('29016ce6-4b4b-4c5d-b8b1-57202df8bb0d', '55ffe74a-0ab0-49c1-860d-0ec87b03130c', 1.5) ON CONFLICT (song_id_1, song_id_2) DO UPDATE SET occurrence_count = EXCLUDED.occurrence_count;
INSERT INTO song_adjacency (song_id_1, song_id_2, occurrence_count) VALUES ('34cd5f7e-3bca-4a4d-9065-70c27a14bf89', '55ffe74a-0ab0-49c1-860d-0ec87b03130c', 1.5) ON CONFLICT (song_id_1, song_id_2) DO UPDATE SET occurrence_count = EXCLUDED.occurrence_count;
INSERT INTO song_adjacency (song_id_1, song_id_2, occurrence_count) VALUES ('34cd5f7e-3bca-4a4d-9065-70c27a14bf89', '93b38aef-299f-4bc5-8db2-2a1cf8f8fa34', 1.5) ON CONFLICT (song_id_1, song_id_2) DO UPDATE SET occurrence_count = EXCLUDED.occurrence_count;
INSERT INTO song_adjacency (song_id_1, song_id_2, occurrence_count) VALUES ('515f28ae-1757-474a-8fb1-50af865284ae', '93b38aef-299f-4bc5-8db2-2a1cf8f8fa34', 1.5) ON CONFLICT (song_id_1, song_id_2) DO UPDATE SET occurrence_count = EXCLUDED.occurrence_count;
INSERT INTO song_adjacency (song_id_1, song_id_2, occurrence_count) VALUES ('33b470b2-85c0-433c-9378-e130f8956b20', '515f28ae-1757-474a-8fb1-50af865284ae', 1.5) ON CONFLICT (song_id_1, song_id_2) DO UPDATE SET occurrence_count = EXCLUDED.occurrence_count;
INSERT INTO song_adjacency (song_id_1, song_id_2, occurrence_count) VALUES ('33b470b2-85c0-433c-9378-e130f8956b20', 'f23f92b1-8bba-4047-a620-6d2c0501b7d0', 1.5) ON CONFLICT (song_id_1, song_id_2) DO UPDATE SET occurrence_count = EXCLUDED.occurrence_count;
INSERT INTO song_adjacency (song_id_1, song_id_2, occurrence_count) VALUES ('88b210b2-a855-4778-9dcb-c2f12f7c0118', 'f23f92b1-8bba-4047-a620-6d2c0501b7d0', 1.5) ON CONFLICT (song_id_1, song_id_2) DO UPDATE SET occurrence_count = EXCLUDED.occurrence_count;
INSERT INTO song_adjacency (song_id_1, song_id_2, occurrence_count) VALUES ('da91b278-e4cd-461b-9b55-49a27b85019f', 'fb860820-f037-4100-9fcf-9a114d653349', 1.5) ON CONFLICT (song_id_1, song_id_2) DO UPDATE SET occurrence_count = EXCLUDED.occurrence_count;
INSERT INTO song_adjacency (song_id_1, song_id_2, occurrence_count) VALUES ('1ef86ec5-445f-442d-88f9-d063d01d1982', 'fb860820-f037-4100-9fcf-9a114d653349', 1.5) ON CONFLICT (song_id_1, song_id_2) DO UPDATE SET occurrence_count = EXCLUDED.occurrence_count;
INSERT INTO song_adjacency (song_id_1, song_id_2, occurrence_count) VALUES ('1ef86ec5-445f-442d-88f9-d063d01d1982', '86d6ae56-7d5a-4a2d-9c26-757deb038eef', 1.5) ON CONFLICT (song_id_1, song_id_2) DO UPDATE SET occurrence_count = EXCLUDED.occurrence_count;
INSERT INTO song_adjacency (song_id_1, song_id_2, occurrence_count) VALUES ('86d6ae56-7d5a-4a2d-9c26-757deb038eef', 'e5ddfab8-b56c-4b1d-9d9d-6ef2c5fbc9c0', 1.5) ON CONFLICT (song_id_1, song_id_2) DO UPDATE SET occurrence_count = EXCLUDED.occurrence_count;
INSERT INTO song_adjacency (song_id_1, song_id_2, occurrence_count) VALUES ('5af003af-6adf-4591-ba98-2c94947ec730', 'be6d2a8e-6afa-43fb-9c14-8a9a499d5c32', 1.5) ON CONFLICT (song_id_1, song_id_2) DO UPDATE SET occurrence_count = EXCLUDED.occurrence_count;
INSERT INTO song_adjacency (song_id_1, song_id_2, occurrence_count) VALUES ('be6d2a8e-6afa-43fb-9c14-8a9a499d5c32', 'ed07e36f-72f6-47c3-9aca-5425999b3dd6', 1.5) ON CONFLICT (song_id_1, song_id_2) DO UPDATE SET occurrence_count = EXCLUDED.occurrence_count;
INSERT INTO song_adjacency (song_id_1, song_id_2, occurrence_count) VALUES ('e0ea3781-e3d7-4baa-b8b3-9f589285eaff', 'ed07e36f-72f6-47c3-9aca-5425999b3dd6', 1.5) ON CONFLICT (song_id_1, song_id_2) DO UPDATE SET occurrence_count = EXCLUDED.occurrence_count;
INSERT INTO song_adjacency (song_id_1, song_id_2, occurrence_count) VALUES ('e0ea3781-e3d7-4baa-b8b3-9f589285eaff', 'fd251364-4f3d-4d8c-b85e-085438405d77', 1.5) ON CONFLICT (song_id_1, song_id_2) DO UPDATE SET occurrence_count = EXCLUDED.occurrence_count;
INSERT INTO song_adjacency (song_id_1, song_id_2, occurrence_count) VALUES ('2a676095-ae37-49aa-89e6-8b406ad98dda', 'fd251364-4f3d-4d8c-b85e-085438405d77', 1.5) ON CONFLICT (song_id_1, song_id_2) DO UPDATE SET occurrence_count = EXCLUDED.occurrence_count;
INSERT INTO song_adjacency (song_id_1, song_id_2, occurrence_count) VALUES ('861f0451-35a2-473e-8014-00b13eba9090', 'fd251364-4f3d-4d8c-b85e-085438405d77', 1.5) ON CONFLICT (song_id_1, song_id_2) DO UPDATE SET occurrence_count = EXCLUDED.occurrence_count;
INSERT INTO song_adjacency (song_id_1, song_id_2, occurrence_count) VALUES ('644d38ef-977e-44ba-9903-cd584a13b010', '861f0451-35a2-473e-8014-00b13eba9090', 1.5) ON CONFLICT (song_id_1, song_id_2) DO UPDATE SET occurrence_count = EXCLUDED.occurrence_count;
INSERT INTO song_adjacency (song_id_1, song_id_2, occurrence_count) VALUES ('644d38ef-977e-44ba-9903-cd584a13b010', 'ed07e36f-72f6-47c3-9aca-5425999b3dd6', 1.5) ON CONFLICT (song_id_1, song_id_2) DO UPDATE SET occurrence_count = EXCLUDED.occurrence_count;
INSERT INTO song_adjacency (song_id_1, song_id_2, occurrence_count) VALUES ('2a676095-ae37-49aa-89e6-8b406ad98dda', 'ed07e36f-72f6-47c3-9aca-5425999b3dd6', 1.5) ON CONFLICT (song_id_1, song_id_2) DO UPDATE SET occurrence_count = EXCLUDED.occurrence_count;
INSERT INTO song_adjacency (song_id_1, song_id_2, occurrence_count) VALUES ('1ef86ec5-445f-442d-88f9-d063d01d1982', '42b4551f-23fc-49a0-bbcc-00c95b06cf06', 1.5) ON CONFLICT (song_id_1, song_id_2) DO UPDATE SET occurrence_count = EXCLUDED.occurrence_count;
INSERT INTO song_adjacency (song_id_1, song_id_2, occurrence_count) VALUES ('88b210b2-a855-4778-9dcb-c2f12f7c0118', 'acb3593d-4f31-43c7-b4f0-d976ba6d5bd8', 1.5) ON CONFLICT (song_id_1, song_id_2) DO UPDATE SET occurrence_count = EXCLUDED.occurrence_count;
INSERT INTO song_adjacency (song_id_1, song_id_2, occurrence_count) VALUES ('0e176408-57e0-492f-a75a-da84de023e59', '42b4551f-23fc-49a0-bbcc-00c95b06cf06', 1.5) ON CONFLICT (song_id_1, song_id_2) DO UPDATE SET occurrence_count = EXCLUDED.occurrence_count;
INSERT INTO song_adjacency (song_id_1, song_id_2, occurrence_count) VALUES ('42b4551f-23fc-49a0-bbcc-00c95b06cf06', 'e5ddfab8-b56c-4b1d-9d9d-6ef2c5fbc9c0', 1.5) ON CONFLICT (song_id_1, song_id_2) DO UPDATE SET occurrence_count = EXCLUDED.occurrence_count;
INSERT INTO song_adjacency (song_id_1, song_id_2, occurrence_count) VALUES ('966391a4-aa4d-4245-942d-0dc479dbbac3', 'e5ddfab8-b56c-4b1d-9d9d-6ef2c5fbc9c0', 1.5) ON CONFLICT (song_id_1, song_id_2) DO UPDATE SET occurrence_count = EXCLUDED.occurrence_count;
INSERT INTO song_adjacency (song_id_1, song_id_2, occurrence_count) VALUES ('966391a4-aa4d-4245-942d-0dc479dbbac3', 'ed07e36f-72f6-47c3-9aca-5425999b3dd6', 1.5) ON CONFLICT (song_id_1, song_id_2) DO UPDATE SET occurrence_count = EXCLUDED.occurrence_count;
INSERT INTO song_adjacency (song_id_1, song_id_2, occurrence_count) VALUES ('88b210b2-a855-4778-9dcb-c2f12f7c0118', 'ed07e36f-72f6-47c3-9aca-5425999b3dd6', 1.5) ON CONFLICT (song_id_1, song_id_2) DO UPDATE SET occurrence_count = EXCLUDED.occurrence_count;
INSERT INTO song_adjacency (song_id_1, song_id_2, occurrence_count) VALUES ('24e2db04-6c63-4957-a79d-67825282c8b1', '88b210b2-a855-4778-9dcb-c2f12f7c0118', 1.5) ON CONFLICT (song_id_1, song_id_2) DO UPDATE SET occurrence_count = EXCLUDED.occurrence_count;
INSERT INTO song_adjacency (song_id_1, song_id_2, occurrence_count) VALUES ('24e2db04-6c63-4957-a79d-67825282c8b1', '4c897bef-8900-47ac-a83a-d44a27e00ad0', 1.5) ON CONFLICT (song_id_1, song_id_2) DO UPDATE SET occurrence_count = EXCLUDED.occurrence_count;
INSERT INTO song_adjacency (song_id_1, song_id_2, occurrence_count) VALUES ('1ef86ec5-445f-442d-88f9-d063d01d1982', '4c897bef-8900-47ac-a83a-d44a27e00ad0', 1.5) ON CONFLICT (song_id_1, song_id_2) DO UPDATE SET occurrence_count = EXCLUDED.occurrence_count;
INSERT INTO song_adjacency (song_id_1, song_id_2, occurrence_count) VALUES ('1ef86ec5-445f-442d-88f9-d063d01d1982', '795e925b-a1e9-4785-a3f1-0d333cb5abca', 1.5) ON CONFLICT (song_id_1, song_id_2) DO UPDATE SET occurrence_count = EXCLUDED.occurrence_count;
INSERT INTO song_adjacency (song_id_1, song_id_2, occurrence_count) VALUES ('3025ed4f-86b9-4c85-be58-d790317dc8ab', '5af003af-6adf-4591-ba98-2c94947ec730', 1.5) ON CONFLICT (song_id_1, song_id_2) DO UPDATE SET occurrence_count = EXCLUDED.occurrence_count;
INSERT INTO song_adjacency (song_id_1, song_id_2, occurrence_count) VALUES ('42b4551f-23fc-49a0-bbcc-00c95b06cf06', '4c897bef-8900-47ac-a83a-d44a27e00ad0', 1.5) ON CONFLICT (song_id_1, song_id_2) DO UPDATE SET occurrence_count = EXCLUDED.occurrence_count;
INSERT INTO song_adjacency (song_id_1, song_id_2, occurrence_count) VALUES ('3f93bef4-d0bf-4baa-b9b2-823fcae45c9d', '795e925b-a1e9-4785-a3f1-0d333cb5abca', 1.5) ON CONFLICT (song_id_1, song_id_2) DO UPDATE SET occurrence_count = EXCLUDED.occurrence_count;
INSERT INTO song_adjacency (song_id_1, song_id_2, occurrence_count) VALUES ('3f93bef4-d0bf-4baa-b9b2-823fcae45c9d', '6a82d943-e773-4bae-b006-e68f43450112', 1.5) ON CONFLICT (song_id_1, song_id_2) DO UPDATE SET occurrence_count = EXCLUDED.occurrence_count;
INSERT INTO song_adjacency (song_id_1, song_id_2, occurrence_count) VALUES ('53145c6d-885e-4712-81a8-879586e12086', '6a82d943-e773-4bae-b006-e68f43450112', 1.5) ON CONFLICT (song_id_1, song_id_2) DO UPDATE SET occurrence_count = EXCLUDED.occurrence_count;
INSERT INTO song_adjacency (song_id_1, song_id_2, occurrence_count) VALUES ('53145c6d-885e-4712-81a8-879586e12086', '70a41827-fab0-4b4f-b447-b1c78551a3a7', 1.5) ON CONFLICT (song_id_1, song_id_2) DO UPDATE SET occurrence_count = EXCLUDED.occurrence_count;
